comparison,protein_id,cka
pairwise:base__phys,T1024-D1,0.7273
pairwise:base__phys,T1024-D2,0.7408
pairwise:base__phys,T1025-D1,0.8384
pairwise:base__phys,T1026-D1,0.6774
pairwise:base__phys,T1030-D1,0.8671
pairwise:base__phys,T1030-D2,0.8039
pairwise:base__phys,T1031-D1,0.7112
pairwise:base__phys,T1032-D1,0.7014
pairwise:base__phys,T1033-D1,0.8056
pairwise:base__phys,T1034-D1,0.7160
pairwise:base__phys,T1036s1-D1,0.4656
pairwise:base__phys,T1038-D1,0.4461
pairwise:base__phys,T1038-D2,0.7073
pairwise:base__phys,T1039-D1,0.7047
pairwise:base__phys,T1046s1-D1,0.7745
pairwise:base__phys,T1046s2-D1,0.7383
pairwise:base__phys,T1049-D1,0.5710
pairwise:base__phys,T1050-D1,0.8360
pairwise:base__phys,T1050-D2,0.8705
pairwise:base__phys,T1050-D3,0.7685
pairwise:base__phys,T1054-D1,0.8173
pairwise:base__phys,T1056-D1,0.7461
pairwise:base__phys,T1057-D1,0.8317
pairwise:base__phys,T1064-D1,0.6998
pairwise:base__phys,T1067-D1,0.6381
pairwise:base__phys,T1070-D2,0.6908
pairwise:base__phys,T1073-D1,0.8153
pairwise:base__phys,T1079-D1,0.7505
pairwise:base__phys,T1082-D1,0.8547
pairwise:base__phys,T1089-D1,0.8158
pairwise:base__phys,T1090-D1,0.5935
pairwise:base__phys,T1099-D1,0.6432
pairwise:base__static,T1024-D1,0.7180
pairwise:base__static,T1024-D2,0.7236
pairwise:base__static,T1025-D1,0.8379
pairwise:base__static,T1026-D1,0.7248
pairwise:base__static,T1030-D1,0.8668
pairwise:base__static,T1030-D2,0.8216
pairwise:base__static,T1031-D1,0.6541
pairwise:base__static,T1032-D1,0.7030
pairwise:base__static,T1033-D1,0.8277
pairwise:base__static,T1034-D1,0.7185
pairwise:base__static,T1036s1-D1,0.5269
pairwise:base__static,T1038-D1,0.4742
pairwise:base__static,T1038-D2,0.7542
pairwise:base__static,T1039-D1,0.5996
pairwise:base__static,T1046s1-D1,0.7779
pairwise:base__static,T1046s2-D1,0.7937
pairwise:base__static,T1049-D1,0.5944
pairwise:base__static,T1050-D1,0.8324
pairwise:base__static,T1050-D2,0.8721
pairwise:base__static,T1050-D3,0.8013
pairwise:base__static,T1054-D1,0.7958
pairwise:base__static,T1056-D1,0.7559
pairwise:base__static,T1057-D1,0.8359
pairwise:base__static,T1064-D1,0.7140
pairwise:base__static,T1067-D1,0.6872
pairwise:base__static,T1070-D2,0.7275
pairwise:base__static,T1073-D1,0.8053
pairwise:base__static,T1079-D1,0.7495
pairwise:base__static,T1082-D1,0.8585
pairwise:base__static,T1089-D1,0.8225
pairwise:base__static,T1090-D1,0.6312
pairwise:base__static,T1099-D1,0.6448
pairwise:base__static_perturb,T1024-D1,0.7391
pairwise:base__static_perturb,T1024-D2,0.7360
pairwise:base__static_perturb,T1025-D1,0.8479
pairwise:base__static_perturb,T1026-D1,0.6728
pairwise:base__static_perturb,T1030-D1,0.8707
pairwise:base__static_perturb,T1030-D2,0.8152
pairwise:base__static_perturb,T1031-D1,0.6941
pairwise:base__static_perturb,T1032-D1,0.7371
pairwise:base__static_perturb,T1033-D1,0.7707
pairwise:base__static_perturb,T1034-D1,0.7213
pairwise:base__static_perturb,T1036s1-D1,0.5267
pairwise:base__static_perturb,T1038-D1,0.4739
pairwise:base__static_perturb,T1038-D2,0.7040
pairwise:base__static_perturb,T1039-D1,0.6762
pairwise:base__static_perturb,T1046s1-D1,0.7760
pairwise:base__static_perturb,T1046s2-D1,0.7692
pairwise:base__static_perturb,T1049-D1,0.5952
pairwise:base__static_perturb,T1050-D1,0.8304
pairwise:base__static_perturb,T1050-D2,0.8506
pairwise:base__static_perturb,T1050-D3,0.7739
pairwise:base__static_perturb,T1054-D1,0.7809
pairwise:base__static_perturb,T1056-D1,0.7492
pairwise:base__static_perturb,T1057-D1,0.8445
pairwise:base__static_perturb,T1064-D1,0.6033
pairwise:base__static_perturb,T1067-D1,0.6457
pairwise:base__static_perturb,T1070-D2,0.7037
pairwise:base__static_perturb,T1073-D1,0.8202
pairwise:base__static_perturb,T1079-D1,0.7429
pairwise:base__static_perturb,T1082-D1,0.8800
pairwise:base__static_perturb,T1089-D1,0.8369
pairwise:base__static_perturb,T1090-D1,0.6248
pairwise:base__static_perturb,T1099-D1,0.6700
pairwise:base__perturb,T1024-D1,0.7565
pairwise:base__perturb,T1024-D2,0.7765
pairwise:base__perturb,T1025-D1,0.8220
pairwise:base__perturb,T1026-D1,0.6490
pairwise:base__perturb,T1030-D1,0.8688
pairwise:base__perturb,T1030-D2,0.7818
pairwise:base__perturb,T1031-D1,0.6171
pairwise:base__perturb,T1032-D1,0.6671
pairwise:base__perturb,T1033-D1,0.8272
pairwise:base__perturb,T1034-D1,0.7189
pairwise:base__perturb,T1036s1-D1,0.4483
pairwise:base__perturb,T1038-D1,0.4262
pairwise:base__perturb,T1038-D2,0.7484
pairwise:base__perturb,T1039-D1,0.6299
pairwise:base__perturb,T1046s1-D1,0.7080
pairwise:base__perturb,T1046s2-D1,0.7987
pairwise:base__perturb,T1049-D1,0.3650
pairwise:base__perturb,T1050-D1,0.8400
pairwise:base__perturb,T1050-D2,0.8716
pairwise:base__perturb,T1050-D3,0.7902
pairwise:base__perturb,T1054-D1,0.7990
pairwise:base__perturb,T1056-D1,0.7122
pairwise:base__perturb,T1057-D1,0.8348
pairwise:base__perturb,T1064-D1,0.6753
pairwise:base__perturb,T1067-D1,0.7095
pairwise:base__perturb,T1070-D2,0.6695
pairwise:base__perturb,T1073-D1,0.8220
pairwise:base__perturb,T1079-D1,0.7424
pairwise:base__perturb,T1082-D1,0.8670
pairwise:base__perturb,T1089-D1,0.8322
pairwise:base__perturb,T1090-D1,0.5963
pairwise:base__perturb,T1099-D1,0.5623
pairwise:base__gate,T1024-D1,0.7690
pairwise:base__gate,T1024-D2,0.7416
pairwise:base__gate,T1025-D1,0.8309
pairwise:base__gate,T1026-D1,0.6417
pairwise:base__gate,T1030-D1,0.8183
pairwise:base__gate,T1030-D2,0.7943
pairwise:base__gate,T1031-D1,0.6362
pairwise:base__gate,T1032-D1,0.7284
pairwise:base__gate,T1033-D1,0.7485
pairwise:base__gate,T1034-D1,0.6816
pairwise:base__gate,T1036s1-D1,0.4279
pairwise:base__gate,T1038-D1,0.4467
pairwise:base__gate,T1038-D2,0.6249
pairwise:base__gate,T1039-D1,0.6789
pairwise:base__gate,T1046s1-D1,0.7737
pairwise:base__gate,T1046s2-D1,0.7827
pairwise:base__gate,T1049-D1,0.4546
pairwise:base__gate,T1050-D1,0.8376
pairwise:base__gate,T1050-D2,0.8540
pairwise:base__gate,T1050-D3,0.7918
pairwise:base__gate,T1054-D1,0.7869
pairwise:base__gate,T1056-D1,0.7190
pairwise:base__gate,T1057-D1,0.8221
pairwise:base__gate,T1064-D1,0.6033
pairwise:base__gate,T1067-D1,0.6757
pairwise:base__gate,T1070-D2,0.7489
pairwise:base__gate,T1073-D1,0.7870
pairwise:base__gate,T1079-D1,0.7547
pairwise:base__gate,T1082-D1,0.7290
pairwise:base__gate,T1089-D1,0.8214
pairwise:base__gate,T1090-D1,0.6210
pairwise:base__gate,T1099-D1,0.6546
pairwise:base__gate_perturb,T1024-D1,0.7547
pairwise:base__gate_perturb,T1024-D2,0.7489
pairwise:base__gate_perturb,T1025-D1,0.8271
pairwise:base__gate_perturb,T1026-D1,0.6713
pairwise:base__gate_perturb,T1030-D1,0.8212
pairwise:base__gate_perturb,T1030-D2,0.8271
pairwise:base__gate_perturb,T1031-D1,0.6757
pairwise:base__gate_perturb,T1032-D1,0.7371
pairwise:base__gate_perturb,T1033-D1,0.7793
pairwise:base__gate_perturb,T1034-D1,0.7068
pairwise:base__gate_perturb,T1036s1-D1,0.4167
pairwise:base__gate_perturb,T1038-D1,0.3389
pairwise:base__gate_perturb,T1038-D2,0.6654
pairwise:base__gate_perturb,T1039-D1,0.6251
pairwise:base__gate_perturb,T1046s1-D1,0.7065
pairwise:base__gate_perturb,T1046s2-D1,0.7669
pairwise:base__gate_perturb,T1049-D1,0.4750
pairwise:base__gate_perturb,T1050-D1,0.7831
pairwise:base__gate_perturb,T1050-D2,0.8013
pairwise:base__gate_perturb,T1050-D3,0.8012
pairwise:base__gate_perturb,T1054-D1,0.7905
pairwise:base__gate_perturb,T1056-D1,0.7079
pairwise:base__gate_perturb,T1057-D1,0.8459
pairwise:base__gate_perturb,T1064-D1,0.6441
pairwise:base__gate_perturb,T1067-D1,0.6207
pairwise:base__gate_perturb,T1070-D2,0.7306
pairwise:base__gate_perturb,T1073-D1,0.8336
pairwise:base__gate_perturb,T1079-D1,0.7021
pairwise:base__gate_perturb,T1082-D1,0.7658
pairwise:base__gate_perturb,T1089-D1,0.7785
pairwise:base__gate_perturb,T1090-D1,0.5568
pairwise:base__gate_perturb,T1099-D1,0.6855
pairwise:base__attnobias,T1024-D1,0.7271
pairwise:base__attnobias,T1024-D2,0.7576
pairwise:base__attnobias,T1025-D1,0.8371
pairwise:base__attnobias,T1026-D1,0.6737
pairwise:base__attnobias,T1030-D1,0.8744
pairwise:base__attnobias,T1030-D2,0.8094
pairwise:base__attnobias,T1031-D1,0.6217
pairwise:base__attnobias,T1032-D1,0.6499
pairwise:base__attnobias,T1033-D1,0.7298
pairwise:base__attnobias,T1034-D1,0.7190
pairwise:base__attnobias,T1036s1-D1,0.6058
pairwise:base__attnobias,T1038-D1,0.4031
pairwise:base__attnobias,T1038-D2,0.6884
pairwise:base__attnobias,T1039-D1,0.6317
pairwise:base__attnobias,T1046s1-D1,0.7447
pairwise:base__attnobias,T1046s2-D1,0.7833
pairwise:base__attnobias,T1049-D1,0.4217
pairwise:base__attnobias,T1050-D1,0.8452
pairwise:base__attnobias,T1050-D2,0.8661
pairwise:base__attnobias,T1050-D3,0.7979
pairwise:base__attnobias,T1054-D1,0.8286
pairwise:base__attnobias,T1056-D1,0.7438
pairwise:base__attnobias,T1057-D1,0.8192
pairwise:base__attnobias,T1064-D1,0.7007
pairwise:base__attnobias,T1067-D1,0.6906
pairwise:base__attnobias,T1070-D2,0.7546
pairwise:base__attnobias,T1073-D1,0.8542
pairwise:base__attnobias,T1079-D1,0.7094
pairwise:base__attnobias,T1082-D1,0.7584
pairwise:base__attnobias,T1089-D1,0.8130
pairwise:base__attnobias,T1090-D1,0.6419
pairwise:base__attnobias,T1099-D1,0.6948
pairwise:phys__static,T1024-D1,0.7865
pairwise:phys__static,T1024-D2,0.8163
pairwise:phys__static,T1025-D1,0.8840
pairwise:phys__static,T1026-D1,0.7520
pairwise:phys__static,T1030-D1,0.9188
pairwise:phys__static,T1030-D2,0.8145
pairwise:phys__static,T1031-D1,0.7019
pairwise:phys__static,T1032-D1,0.7442
pairwise:phys__static,T1033-D1,0.8151
pairwise:phys__static,T1034-D1,0.7667
pairwise:phys__static,T1036s1-D1,0.5540
pairwise:phys__static,T1038-D1,0.6037
pairwise:phys__static,T1038-D2,0.7858
pairwise:phys__static,T1039-D1,0.6428
pairwise:phys__static,T1046s1-D1,0.8141
pairwise:phys__static,T1046s2-D1,0.7503
pairwise:phys__static,T1049-D1,0.6117
pairwise:phys__static,T1050-D1,0.8824
pairwise:phys__static,T1050-D2,0.9136
pairwise:phys__static,T1050-D3,0.8460
pairwise:phys__static,T1054-D1,0.8263
pairwise:phys__static,T1056-D1,0.8091
pairwise:phys__static,T1057-D1,0.8942
pairwise:phys__static,T1064-D1,0.7819
pairwise:phys__static,T1067-D1,0.7192
pairwise:phys__static,T1070-D2,0.7572
pairwise:phys__static,T1073-D1,0.8334
pairwise:phys__static,T1079-D1,0.8056
pairwise:phys__static,T1082-D1,0.8907
pairwise:phys__static,T1089-D1,0.8588
pairwise:phys__static,T1090-D1,0.7158
pairwise:phys__static,T1099-D1,0.6109
pairwise:phys__static_perturb,T1024-D1,0.8042
pairwise:phys__static_perturb,T1024-D2,0.8227
pairwise:phys__static_perturb,T1025-D1,0.8673
pairwise:phys__static_perturb,T1026-D1,0.7192
pairwise:phys__static_perturb,T1030-D1,0.9221
pairwise:phys__static_perturb,T1030-D2,0.8027
pairwise:phys__static_perturb,T1031-D1,0.7178
pairwise:phys__static_perturb,T1032-D1,0.7903
pairwise:phys__static_perturb,T1033-D1,0.8202
pairwise:phys__static_perturb,T1034-D1,0.7917
pairwise:phys__static_perturb,T1036s1-D1,0.5171
pairwise:phys__static_perturb,T1038-D1,0.5421
pairwise:phys__static_perturb,T1038-D2,0.7743
pairwise:phys__static_perturb,T1039-D1,0.7283
pairwise:phys__static_perturb,T1046s1-D1,0.7955
pairwise:phys__static_perturb,T1046s2-D1,0.7852
pairwise:phys__static_perturb,T1049-D1,0.5456
pairwise:phys__static_perturb,T1050-D1,0.8901
pairwise:phys__static_perturb,T1050-D2,0.9105
pairwise:phys__static_perturb,T1050-D3,0.8450
pairwise:phys__static_perturb,T1054-D1,0.8270
pairwise:phys__static_perturb,T1056-D1,0.8178
pairwise:phys__static_perturb,T1057-D1,0.9064
pairwise:phys__static_perturb,T1064-D1,0.6562
pairwise:phys__static_perturb,T1067-D1,0.7337
pairwise:phys__static_perturb,T1070-D2,0.8239
pairwise:phys__static_perturb,T1073-D1,0.8409
pairwise:phys__static_perturb,T1079-D1,0.7862
pairwise:phys__static_perturb,T1082-D1,0.8899
pairwise:phys__static_perturb,T1089-D1,0.8831
pairwise:phys__static_perturb,T1090-D1,0.6360
pairwise:phys__static_perturb,T1099-D1,0.6192
pairwise:phys__perturb,T1024-D1,0.8540
pairwise:phys__perturb,T1024-D2,0.8381
pairwise:phys__perturb,T1025-D1,0.8787
pairwise:phys__perturb,T1026-D1,0.7477
pairwise:phys__perturb,T1030-D1,0.9305
pairwise:phys__perturb,T1030-D2,0.8109
pairwise:phys__perturb,T1031-D1,0.6978
pairwise:phys__perturb,T1032-D1,0.7646
pairwise:phys__perturb,T1033-D1,0.8506
pairwise:phys__perturb,T1034-D1,0.7672
pairwise:phys__perturb,T1036s1-D1,0.4998
pairwise:phys__perturb,T1038-D1,0.5222
pairwise:phys__perturb,T1038-D2,0.8022
pairwise:phys__perturb,T1039-D1,0.7024
pairwise:phys__perturb,T1046s1-D1,0.8017
pairwise:phys__perturb,T1046s2-D1,0.7672
pairwise:phys__perturb,T1049-D1,0.4174
pairwise:phys__perturb,T1050-D1,0.9033
pairwise:phys__perturb,T1050-D2,0.9191
pairwise:phys__perturb,T1050-D3,0.8366
pairwise:phys__perturb,T1054-D1,0.8335
pairwise:phys__perturb,T1056-D1,0.7751
pairwise:phys__perturb,T1057-D1,0.8997
pairwise:phys__perturb,T1064-D1,0.7890
pairwise:phys__perturb,T1067-D1,0.7100
pairwise:phys__perturb,T1070-D2,0.8029
pairwise:phys__perturb,T1073-D1,0.8675
pairwise:phys__perturb,T1079-D1,0.7999
pairwise:phys__perturb,T1082-D1,0.8623
pairwise:phys__perturb,T1089-D1,0.8717
pairwise:phys__perturb,T1090-D1,0.6606
pairwise:phys__perturb,T1099-D1,0.5187
pairwise:phys__gate,T1024-D1,0.7156
pairwise:phys__gate,T1024-D2,0.7395
pairwise:phys__gate,T1025-D1,0.8255
pairwise:phys__gate,T1026-D1,0.6377
pairwise:phys__gate,T1030-D1,0.8188
pairwise:phys__gate,T1030-D2,0.7285
pairwise:phys__gate,T1031-D1,0.6220
pairwise:phys__gate,T1032-D1,0.6381
pairwise:phys__gate,T1033-D1,0.7210
pairwise:phys__gate,T1034-D1,0.6141
pairwise:phys__gate,T1036s1-D1,0.3252
pairwise:phys__gate,T1038-D1,0.4689
pairwise:phys__gate,T1038-D2,0.6003
pairwise:phys__gate,T1039-D1,0.6532
pairwise:phys__gate,T1046s1-D1,0.7140
pairwise:phys__gate,T1046s2-D1,0.7168
pairwise:phys__gate,T1049-D1,0.4053
pairwise:phys__gate,T1050-D1,0.8094
pairwise:phys__gate,T1050-D2,0.8314
pairwise:phys__gate,T1050-D3,0.7234
pairwise:phys__gate,T1054-D1,0.7765
pairwise:phys__gate,T1056-D1,0.7284
pairwise:phys__gate,T1057-D1,0.8177
pairwise:phys__gate,T1064-D1,0.6086
pairwise:phys__gate,T1067-D1,0.6165
pairwise:phys__gate,T1070-D2,0.6709
pairwise:phys__gate,T1073-D1,0.7341
pairwise:phys__gate,T1079-D1,0.7174
pairwise:phys__gate,T1082-D1,0.6610
pairwise:phys__gate,T1089-D1,0.7838
pairwise:phys__gate,T1090-D1,0.5484
pairwise:phys__gate,T1099-D1,0.5722
pairwise:phys__gate_perturb,T1024-D1,0.7135
pairwise:phys__gate_perturb,T1024-D2,0.7396
pairwise:phys__gate_perturb,T1025-D1,0.8282
pairwise:phys__gate_perturb,T1026-D1,0.7176
pairwise:phys__gate_perturb,T1030-D1,0.8209
pairwise:phys__gate_perturb,T1030-D2,0.7513
pairwise:phys__gate_perturb,T1031-D1,0.6770
pairwise:phys__gate_perturb,T1032-D1,0.6728
pairwise:phys__gate_perturb,T1033-D1,0.7735
pairwise:phys__gate_perturb,T1034-D1,0.6810
pairwise:phys__gate_perturb,T1036s1-D1,0.3457
pairwise:phys__gate_perturb,T1038-D1,0.3946
pairwise:phys__gate_perturb,T1038-D2,0.6550
pairwise:phys__gate_perturb,T1039-D1,0.6295
pairwise:phys__gate_perturb,T1046s1-D1,0.7384
pairwise:phys__gate_perturb,T1046s2-D1,0.7423
pairwise:phys__gate_perturb,T1049-D1,0.4715
pairwise:phys__gate_perturb,T1050-D1,0.7761
pairwise:phys__gate_perturb,T1050-D2,0.8071
pairwise:phys__gate_perturb,T1050-D3,0.7939
pairwise:phys__gate_perturb,T1054-D1,0.7746
pairwise:phys__gate_perturb,T1056-D1,0.7436
pairwise:phys__gate_perturb,T1057-D1,0.8375
pairwise:phys__gate_perturb,T1064-D1,0.6829
pairwise:phys__gate_perturb,T1067-D1,0.6574
pairwise:phys__gate_perturb,T1070-D2,0.7173
pairwise:phys__gate_perturb,T1073-D1,0.7568
pairwise:phys__gate_perturb,T1079-D1,0.7265
pairwise:phys__gate_perturb,T1082-D1,0.7369
pairwise:phys__gate_perturb,T1089-D1,0.7687
pairwise:phys__gate_perturb,T1090-D1,0.5390
pairwise:phys__gate_perturb,T1099-D1,0.5507
pairwise:phys__attnobias,T1024-D1,0.7927
pairwise:phys__attnobias,T1024-D2,0.8105
pairwise:phys__attnobias,T1025-D1,0.8966
pairwise:phys__attnobias,T1026-D1,0.7368
pairwise:phys__attnobias,T1030-D1,0.9244
pairwise:phys__attnobias,T1030-D2,0.7990
pairwise:phys__attnobias,T1031-D1,0.7100
pairwise:phys__attnobias,T1032-D1,0.7371
pairwise:phys__attnobias,T1033-D1,0.8081
pairwise:phys__attnobias,T1034-D1,0.7626
pairwise:phys__attnobias,T1036s1-D1,0.5415
pairwise:phys__attnobias,T1038-D1,0.5076
pairwise:phys__attnobias,T1038-D2,0.7512
pairwise:phys__attnobias,T1039-D1,0.7169
pairwise:phys__attnobias,T1046s1-D1,0.7727
pairwise:phys__attnobias,T1046s2-D1,0.7978
pairwise:phys__attnobias,T1049-D1,0.4504
pairwise:phys__attnobias,T1050-D1,0.8917
pairwise:phys__attnobias,T1050-D2,0.9196
pairwise:phys__attnobias,T1050-D3,0.8292
pairwise:phys__attnobias,T1054-D1,0.8769
pairwise:phys__attnobias,T1056-D1,0.8146
pairwise:phys__attnobias,T1057-D1,0.8899
pairwise:phys__attnobias,T1064-D1,0.8133
pairwise:phys__attnobias,T1067-D1,0.7274
pairwise:phys__attnobias,T1070-D2,0.8238
pairwise:phys__attnobias,T1073-D1,0.8537
pairwise:phys__attnobias,T1079-D1,0.7888
pairwise:phys__attnobias,T1082-D1,0.8345
pairwise:phys__attnobias,T1089-D1,0.8864
pairwise:phys__attnobias,T1090-D1,0.6899
pairwise:phys__attnobias,T1099-D1,0.6618
pairwise:static__static_perturb,T1024-D1,0.8182
pairwise:static__static_perturb,T1024-D2,0.8352
pairwise:static__static_perturb,T1025-D1,0.8899
pairwise:static__static_perturb,T1026-D1,0.7630
pairwise:static__static_perturb,T1030-D1,0.9445
pairwise:static__static_perturb,T1030-D2,0.8923
pairwise:static__static_perturb,T1031-D1,0.7337
pairwise:static__static_perturb,T1032-D1,0.7797
pairwise:static__static_perturb,T1033-D1,0.8327
pairwise:static__static_perturb,T1034-D1,0.8430
pairwise:static__static_perturb,T1036s1-D1,0.5797
pairwise:static__static_perturb,T1038-D1,0.6607
pairwise:static__static_perturb,T1038-D2,0.8159
pairwise:static__static_perturb,T1039-D1,0.7224
pairwise:static__static_perturb,T1046s1-D1,0.8294
pairwise:static__static_perturb,T1046s2-D1,0.8129
pairwise:static__static_perturb,T1049-D1,0.6642
pairwise:static__static_perturb,T1050-D1,0.9111
pairwise:static__static_perturb,T1050-D2,0.9309
pairwise:static__static_perturb,T1050-D3,0.8524
pairwise:static__static_perturb,T1054-D1,0.8492
pairwise:static__static_perturb,T1056-D1,0.8306
pairwise:static__static_perturb,T1057-D1,0.9095
pairwise:static__static_perturb,T1064-D1,0.6339
pairwise:static__static_perturb,T1067-D1,0.7403
pairwise:static__static_perturb,T1070-D2,0.8171
pairwise:static__static_perturb,T1073-D1,0.8531
pairwise:static__static_perturb,T1079-D1,0.8561
pairwise:static__static_perturb,T1082-D1,0.8825
pairwise:static__static_perturb,T1089-D1,0.8942
pairwise:static__static_perturb,T1090-D1,0.6800
pairwise:static__static_perturb,T1099-D1,0.6802
pairwise:static__perturb,T1024-D1,0.8130
pairwise:static__perturb,T1024-D2,0.8320
pairwise:static__perturb,T1025-D1,0.8736
pairwise:static__perturb,T1026-D1,0.7493
pairwise:static__perturb,T1030-D1,0.9398
pairwise:static__perturb,T1030-D2,0.8489
pairwise:static__perturb,T1031-D1,0.7531
pairwise:static__perturb,T1032-D1,0.7638
pairwise:static__perturb,T1033-D1,0.8785
pairwise:static__perturb,T1034-D1,0.8222
pairwise:static__perturb,T1036s1-D1,0.5810
pairwise:static__perturb,T1038-D1,0.6408
pairwise:static__perturb,T1038-D2,0.8300
pairwise:static__perturb,T1039-D1,0.7279
pairwise:static__perturb,T1046s1-D1,0.7774
pairwise:static__perturb,T1046s2-D1,0.8192
pairwise:static__perturb,T1049-D1,0.4654
pairwise:static__perturb,T1050-D1,0.9159
pairwise:static__perturb,T1050-D2,0.9346
pairwise:static__perturb,T1050-D3,0.8723
pairwise:static__perturb,T1054-D1,0.8459
pairwise:static__perturb,T1056-D1,0.7868
pairwise:static__perturb,T1057-D1,0.9075
pairwise:static__perturb,T1064-D1,0.8005
pairwise:static__perturb,T1067-D1,0.7723
pairwise:static__perturb,T1070-D2,0.7769
pairwise:static__perturb,T1073-D1,0.8776
pairwise:static__perturb,T1079-D1,0.8459
pairwise:static__perturb,T1082-D1,0.8797
pairwise:static__perturb,T1089-D1,0.8811
pairwise:static__perturb,T1090-D1,0.6965
pairwise:static__perturb,T1099-D1,0.5535
pairwise:static__gate,T1024-D1,0.6791
pairwise:static__gate,T1024-D2,0.7250
pairwise:static__gate,T1025-D1,0.8103
pairwise:static__gate,T1026-D1,0.6350
pairwise:static__gate,T1030-D1,0.7832
pairwise:static__gate,T1030-D2,0.7537
pairwise:static__gate,T1031-D1,0.5775
pairwise:static__gate,T1032-D1,0.6682
pairwise:static__gate,T1033-D1,0.7356
pairwise:static__gate,T1034-D1,0.6374
pairwise:static__gate,T1036s1-D1,0.4273
pairwise:static__gate,T1038-D1,0.4618
pairwise:static__gate,T1038-D2,0.6248
pairwise:static__gate,T1039-D1,0.5530
pairwise:static__gate,T1046s1-D1,0.6957
pairwise:static__gate,T1046s2-D1,0.7226
pairwise:static__gate,T1049-D1,0.4216
pairwise:static__gate,T1050-D1,0.8069
pairwise:static__gate,T1050-D2,0.8285
pairwise:static__gate,T1050-D3,0.7200
pairwise:static__gate,T1054-D1,0.7593
pairwise:static__gate,T1056-D1,0.6897
pairwise:static__gate,T1057-D1,0.8022
pairwise:static__gate,T1064-D1,0.5485
pairwise:static__gate,T1067-D1,0.6671
pairwise:static__gate,T1070-D2,0.6900
pairwise:static__gate,T1073-D1,0.7545
pairwise:static__gate,T1079-D1,0.7392
pairwise:static__gate,T1082-D1,0.6544
pairwise:static__gate,T1089-D1,0.7789
pairwise:static__gate,T1090-D1,0.6039
pairwise:static__gate,T1099-D1,0.5239
pairwise:static__gate_perturb,T1024-D1,0.6571
pairwise:static__gate_perturb,T1024-D2,0.7269
pairwise:static__gate_perturb,T1025-D1,0.8049
pairwise:static__gate_perturb,T1026-D1,0.6427
pairwise:static__gate_perturb,T1030-D1,0.8109
pairwise:static__gate_perturb,T1030-D2,0.7847
pairwise:static__gate_perturb,T1031-D1,0.6696
pairwise:static__gate_perturb,T1032-D1,0.6844
pairwise:static__gate_perturb,T1033-D1,0.7792
pairwise:static__gate_perturb,T1034-D1,0.6611
pairwise:static__gate_perturb,T1036s1-D1,0.4041
pairwise:static__gate_perturb,T1038-D1,0.4599
pairwise:static__gate_perturb,T1038-D2,0.6858
pairwise:static__gate_perturb,T1039-D1,0.5749
pairwise:static__gate_perturb,T1046s1-D1,0.7258
pairwise:static__gate_perturb,T1046s2-D1,0.7496
pairwise:static__gate_perturb,T1049-D1,0.4805
pairwise:static__gate_perturb,T1050-D1,0.7677
pairwise:static__gate_perturb,T1050-D2,0.7968
pairwise:static__gate_perturb,T1050-D3,0.7875
pairwise:static__gate_perturb,T1054-D1,0.7770
pairwise:static__gate_perturb,T1056-D1,0.7173
pairwise:static__gate_perturb,T1057-D1,0.8185
pairwise:static__gate_perturb,T1064-D1,0.5987
pairwise:static__gate_perturb,T1067-D1,0.6759
pairwise:static__gate_perturb,T1070-D2,0.7184
pairwise:static__gate_perturb,T1073-D1,0.8098
pairwise:static__gate_perturb,T1079-D1,0.7102
pairwise:static__gate_perturb,T1082-D1,0.7297
pairwise:static__gate_perturb,T1089-D1,0.7422
pairwise:static__gate_perturb,T1090-D1,0.5147
pairwise:static__gate_perturb,T1099-D1,0.5543
pairwise:static__attnobias,T1024-D1,0.7953
pairwise:static__attnobias,T1024-D2,0.8010
pairwise:static__attnobias,T1025-D1,0.9005
pairwise:static__attnobias,T1026-D1,0.7173
pairwise:static__attnobias,T1030-D1,0.9355
pairwise:static__attnobias,T1030-D2,0.8421
pairwise:static__attnobias,T1031-D1,0.7366
pairwise:static__attnobias,T1032-D1,0.7210
pairwise:static__attnobias,T1033-D1,0.8184
pairwise:static__attnobias,T1034-D1,0.7539
pairwise:static__attnobias,T1036s1-D1,0.6094
pairwise:static__attnobias,T1038-D1,0.6393
pairwise:static__attnobias,T1038-D2,0.7869
pairwise:static__attnobias,T1039-D1,0.7163
pairwise:static__attnobias,T1046s1-D1,0.7731
pairwise:static__attnobias,T1046s2-D1,0.8128
pairwise:static__attnobias,T1049-D1,0.5486
pairwise:static__attnobias,T1050-D1,0.8941
pairwise:static__attnobias,T1050-D2,0.9077
pairwise:static__attnobias,T1050-D3,0.8470
pairwise:static__attnobias,T1054-D1,0.8452
pairwise:static__attnobias,T1056-D1,0.8548
pairwise:static__attnobias,T1057-D1,0.8776
pairwise:static__attnobias,T1064-D1,0.7803
pairwise:static__attnobias,T1067-D1,0.7448
pairwise:static__attnobias,T1070-D2,0.7953
pairwise:static__attnobias,T1073-D1,0.8500
pairwise:static__attnobias,T1079-D1,0.7628
pairwise:static__attnobias,T1082-D1,0.8454
pairwise:static__attnobias,T1089-D1,0.8592
pairwise:static__attnobias,T1090-D1,0.7091
pairwise:static__attnobias,T1099-D1,0.6473
pairwise:static_perturb__perturb,T1024-D1,0.8270
pairwise:static_perturb__perturb,T1024-D2,0.8322
pairwise:static_perturb__perturb,T1025-D1,0.8939
pairwise:static_perturb__perturb,T1026-D1,0.7228
pairwise:static_perturb__perturb,T1030-D1,0.9327
pairwise:static_perturb__perturb,T1030-D2,0.8152
pairwise:static_perturb__perturb,T1031-D1,0.7206
pairwise:static_perturb__perturb,T1032-D1,0.7799
pairwise:static_perturb__perturb,T1033-D1,0.8208
pairwise:static_perturb__perturb,T1034-D1,0.8329
pairwise:static_perturb__perturb,T1036s1-D1,0.5205
pairwise:static_perturb__perturb,T1038-D1,0.6546
pairwise:static_perturb__perturb,T1038-D2,0.8052
pairwise:static_perturb__perturb,T1039-D1,0.7353
pairwise:static_perturb__perturb,T1046s1-D1,0.7999
pairwise:static_perturb__perturb,T1046s2-D1,0.8082
pairwise:static_perturb__perturb,T1049-D1,0.4210
pairwise:static_perturb__perturb,T1050-D1,0.9146
pairwise:static_perturb__perturb,T1050-D2,0.9286
pairwise:static_perturb__perturb,T1050-D3,0.8514
pairwise:static_perturb__perturb,T1054-D1,0.8224
pairwise:static_perturb__perturb,T1056-D1,0.8336
pairwise:static_perturb__perturb,T1057-D1,0.9013
pairwise:static_perturb__perturb,T1064-D1,0.6816
pairwise:static_perturb__perturb,T1067-D1,0.7232
pairwise:static_perturb__perturb,T1070-D2,0.7998
pairwise:static_perturb__perturb,T1073-D1,0.8569
pairwise:static_perturb__perturb,T1079-D1,0.8315
pairwise:static_perturb__perturb,T1082-D1,0.8910
pairwise:static_perturb__perturb,T1089-D1,0.8767
pairwise:static_perturb__perturb,T1090-D1,0.6923
pairwise:static_perturb__perturb,T1099-D1,0.5491
pairwise:static_perturb__gate,T1024-D1,0.6851
pairwise:static_perturb__gate,T1024-D2,0.7332
pairwise:static_perturb__gate,T1025-D1,0.7977
pairwise:static_perturb__gate,T1026-D1,0.5949
pairwise:static_perturb__gate,T1030-D1,0.7908
pairwise:static_perturb__gate,T1030-D2,0.7548
pairwise:static_perturb__gate,T1031-D1,0.5350
pairwise:static_perturb__gate,T1032-D1,0.6522
pairwise:static_perturb__gate,T1033-D1,0.7634
pairwise:static_perturb__gate,T1034-D1,0.6389
pairwise:static_perturb__gate,T1036s1-D1,0.3906
pairwise:static_perturb__gate,T1038-D1,0.4390
pairwise:static_perturb__gate,T1038-D2,0.5804
pairwise:static_perturb__gate,T1039-D1,0.6276
pairwise:static_perturb__gate,T1046s1-D1,0.7231
pairwise:static_perturb__gate,T1046s2-D1,0.7284
pairwise:static_perturb__gate,T1049-D1,0.3832
pairwise:static_perturb__gate,T1050-D1,0.8046
pairwise:static_perturb__gate,T1050-D2,0.8228
pairwise:static_perturb__gate,T1050-D3,0.7166
pairwise:static_perturb__gate,T1054-D1,0.7509
pairwise:static_perturb__gate,T1056-D1,0.7181
pairwise:static_perturb__gate,T1057-D1,0.8133
pairwise:static_perturb__gate,T1064-D1,0.4805
pairwise:static_perturb__gate,T1067-D1,0.6223
pairwise:static_perturb__gate,T1070-D2,0.6588
pairwise:static_perturb__gate,T1073-D1,0.7426
pairwise:static_perturb__gate,T1079-D1,0.7377
pairwise:static_perturb__gate,T1082-D1,0.6864
pairwise:static_perturb__gate,T1089-D1,0.7964
pairwise:static_perturb__gate,T1090-D1,0.5793
pairwise:static_perturb__gate,T1099-D1,0.5817
pairwise:static_perturb__gate_perturb,T1024-D1,0.6908
pairwise:static_perturb__gate_perturb,T1024-D2,0.7354
pairwise:static_perturb__gate_perturb,T1025-D1,0.8047
pairwise:static_perturb__gate_perturb,T1026-D1,0.6533
pairwise:static_perturb__gate_perturb,T1030-D1,0.8064
pairwise:static_perturb__gate_perturb,T1030-D2,0.7961
pairwise:static_perturb__gate_perturb,T1031-D1,0.6899
pairwise:static_perturb__gate_perturb,T1032-D1,0.6882
pairwise:static_perturb__gate_perturb,T1033-D1,0.7973
pairwise:static_perturb__gate_perturb,T1034-D1,0.6762
pairwise:static_perturb__gate_perturb,T1036s1-D1,0.3746
pairwise:static_perturb__gate_perturb,T1038-D1,0.4169
pairwise:static_perturb__gate_perturb,T1038-D2,0.6669
pairwise:static_perturb__gate_perturb,T1039-D1,0.5915
pairwise:static_perturb__gate_perturb,T1046s1-D1,0.7742
pairwise:static_perturb__gate_perturb,T1046s2-D1,0.7110
pairwise:static_perturb__gate_perturb,T1049-D1,0.4074
pairwise:static_perturb__gate_perturb,T1050-D1,0.7690
pairwise:static_perturb__gate_perturb,T1050-D2,0.7942
pairwise:static_perturb__gate_perturb,T1050-D3,0.7707
pairwise:static_perturb__gate_perturb,T1054-D1,0.7651
pairwise:static_perturb__gate_perturb,T1056-D1,0.7255
pairwise:static_perturb__gate_perturb,T1057-D1,0.8196
pairwise:static_perturb__gate_perturb,T1064-D1,0.4998
pairwise:static_perturb__gate_perturb,T1067-D1,0.6577
pairwise:static_perturb__gate_perturb,T1070-D2,0.7454
pairwise:static_perturb__gate_perturb,T1073-D1,0.7970
pairwise:static_perturb__gate_perturb,T1079-D1,0.6996
pairwise:static_perturb__gate_perturb,T1082-D1,0.7657
pairwise:static_perturb__gate_perturb,T1089-D1,0.7591
pairwise:static_perturb__gate_perturb,T1090-D1,0.5346
pairwise:static_perturb__gate_perturb,T1099-D1,0.6349
pairwise:static_perturb__attnobias,T1024-D1,0.8118
pairwise:static_perturb__attnobias,T1024-D2,0.8287
pairwise:static_perturb__attnobias,T1025-D1,0.8839
pairwise:static_perturb__attnobias,T1026-D1,0.7163
pairwise:static_perturb__attnobias,T1030-D1,0.9331
pairwise:static_perturb__attnobias,T1030-D2,0.8346
pairwise:static_perturb__attnobias,T1031-D1,0.6975
pairwise:static_perturb__attnobias,T1032-D1,0.7248
pairwise:static_perturb__attnobias,T1033-D1,0.8356
pairwise:static_perturb__attnobias,T1034-D1,0.7767
pairwise:static_perturb__attnobias,T1036s1-D1,0.6100
pairwise:static_perturb__attnobias,T1038-D1,0.6133
pairwise:static_perturb__attnobias,T1038-D2,0.8078
pairwise:static_perturb__attnobias,T1039-D1,0.7186
pairwise:static_perturb__attnobias,T1046s1-D1,0.8323
pairwise:static_perturb__attnobias,T1046s2-D1,0.7972
pairwise:static_perturb__attnobias,T1049-D1,0.4643
pairwise:static_perturb__attnobias,T1050-D1,0.8971
pairwise:static_perturb__attnobias,T1050-D2,0.9171
pairwise:static_perturb__attnobias,T1050-D3,0.8516
pairwise:static_perturb__attnobias,T1054-D1,0.8474
pairwise:static_perturb__attnobias,T1056-D1,0.8409
pairwise:static_perturb__attnobias,T1057-D1,0.8737
pairwise:static_perturb__attnobias,T1064-D1,0.7270
pairwise:static_perturb__attnobias,T1067-D1,0.7319
pairwise:static_perturb__attnobias,T1070-D2,0.8180
pairwise:static_perturb__attnobias,T1073-D1,0.8564
pairwise:static_perturb__attnobias,T1079-D1,0.7426
pairwise:static_perturb__attnobias,T1082-D1,0.7927
pairwise:static_perturb__attnobias,T1089-D1,0.8737
pairwise:static_perturb__attnobias,T1090-D1,0.6607
pairwise:static_perturb__attnobias,T1099-D1,0.6501
pairwise:perturb__gate,T1024-D1,0.7568
pairwise:perturb__gate,T1024-D2,0.7513
pairwise:perturb__gate,T1025-D1,0.8048
pairwise:perturb__gate,T1026-D1,0.5740
pairwise:perturb__gate,T1030-D1,0.8165
pairwise:perturb__gate,T1030-D2,0.6835
pairwise:perturb__gate,T1031-D1,0.5640
pairwise:perturb__gate,T1032-D1,0.6438
pairwise:perturb__gate,T1033-D1,0.7543
pairwise:perturb__gate,T1034-D1,0.6711
pairwise:perturb__gate,T1036s1-D1,0.3459
pairwise:perturb__gate,T1038-D1,0.4122
pairwise:perturb__gate,T1038-D2,0.6114
pairwise:perturb__gate,T1039-D1,0.6091
pairwise:perturb__gate,T1046s1-D1,0.6476
pairwise:perturb__gate,T1046s2-D1,0.7494
pairwise:perturb__gate,T1049-D1,0.2112
pairwise:perturb__gate,T1050-D1,0.8196
pairwise:perturb__gate,T1050-D2,0.8352
pairwise:perturb__gate,T1050-D3,0.7170
pairwise:perturb__gate,T1054-D1,0.7545
pairwise:perturb__gate,T1056-D1,0.6956
pairwise:perturb__gate,T1057-D1,0.8099
pairwise:perturb__gate,T1064-D1,0.5371
pairwise:perturb__gate,T1067-D1,0.6579
pairwise:perturb__gate,T1070-D2,0.6408
pairwise:perturb__gate,T1073-D1,0.7550
pairwise:perturb__gate,T1079-D1,0.7388
pairwise:perturb__gate,T1082-D1,0.6604
pairwise:perturb__gate,T1089-D1,0.8043
pairwise:perturb__gate,T1090-D1,0.5653
pairwise:perturb__gate,T1099-D1,0.4722
pairwise:perturb__gate_perturb,T1024-D1,0.7372
pairwise:perturb__gate_perturb,T1024-D2,0.7661
pairwise:perturb__gate_perturb,T1025-D1,0.8188
pairwise:perturb__gate_perturb,T1026-D1,0.6470
pairwise:perturb__gate_perturb,T1030-D1,0.8257
pairwise:perturb__gate_perturb,T1030-D2,0.7295
pairwise:perturb__gate_perturb,T1031-D1,0.6829
pairwise:perturb__gate_perturb,T1032-D1,0.6793
pairwise:perturb__gate_perturb,T1033-D1,0.7899
pairwise:perturb__gate_perturb,T1034-D1,0.6644
pairwise:perturb__gate_perturb,T1036s1-D1,0.3249
pairwise:perturb__gate_perturb,T1038-D1,0.3856
pairwise:perturb__gate_perturb,T1038-D2,0.6804
pairwise:perturb__gate_perturb,T1039-D1,0.6062
pairwise:perturb__gate_perturb,T1046s1-D1,0.6720
pairwise:perturb__gate_perturb,T1046s2-D1,0.7503
pairwise:perturb__gate_perturb,T1049-D1,0.2463
pairwise:perturb__gate_perturb,T1050-D1,0.7905
pairwise:perturb__gate_perturb,T1050-D2,0.8086
pairwise:perturb__gate_perturb,T1050-D3,0.7939
pairwise:perturb__gate_perturb,T1054-D1,0.7737
pairwise:perturb__gate_perturb,T1056-D1,0.6916
pairwise:perturb__gate_perturb,T1057-D1,0.8359
pairwise:perturb__gate_perturb,T1064-D1,0.5920
pairwise:perturb__gate_perturb,T1067-D1,0.6608
pairwise:perturb__gate_perturb,T1070-D2,0.7181
pairwise:perturb__gate_perturb,T1073-D1,0.7869
pairwise:perturb__gate_perturb,T1079-D1,0.7399
pairwise:perturb__gate_perturb,T1082-D1,0.7272
pairwise:perturb__gate_perturb,T1089-D1,0.7882
pairwise:perturb__gate_perturb,T1090-D1,0.5627
pairwise:perturb__gate_perturb,T1099-D1,0.5006
pairwise:perturb__attnobias,T1024-D1,0.8123
pairwise:perturb__attnobias,T1024-D2,0.8247
pairwise:perturb__attnobias,T1025-D1,0.9016
pairwise:perturb__attnobias,T1026-D1,0.7073
pairwise:perturb__attnobias,T1030-D1,0.9330
pairwise:perturb__attnobias,T1030-D2,0.8168
pairwise:perturb__attnobias,T1031-D1,0.6855
pairwise:perturb__attnobias,T1032-D1,0.7194
pairwise:perturb__attnobias,T1033-D1,0.8087
pairwise:perturb__attnobias,T1034-D1,0.7552
pairwise:perturb__attnobias,T1036s1-D1,0.4924
pairwise:perturb__attnobias,T1038-D1,0.6074
pairwise:perturb__attnobias,T1038-D2,0.7857
pairwise:perturb__attnobias,T1039-D1,0.7235
pairwise:perturb__attnobias,T1046s1-D1,0.7391
pairwise:perturb__attnobias,T1046s2-D1,0.7913
pairwise:perturb__attnobias,T1049-D1,0.4692
pairwise:perturb__attnobias,T1050-D1,0.9027
pairwise:perturb__attnobias,T1050-D2,0.9209
pairwise:perturb__attnobias,T1050-D3,0.8550
pairwise:perturb__attnobias,T1054-D1,0.8474
pairwise:perturb__attnobias,T1056-D1,0.7799
pairwise:perturb__attnobias,T1057-D1,0.8904
pairwise:perturb__attnobias,T1064-D1,0.8119
pairwise:perturb__attnobias,T1067-D1,0.7472
pairwise:perturb__attnobias,T1070-D2,0.7817
pairwise:perturb__attnobias,T1073-D1,0.8745
pairwise:perturb__attnobias,T1079-D1,0.7804
pairwise:perturb__attnobias,T1082-D1,0.7754
pairwise:perturb__attnobias,T1089-D1,0.8764
pairwise:perturb__attnobias,T1090-D1,0.6998
pairwise:perturb__attnobias,T1099-D1,0.6074
pairwise:gate__gate_perturb,T1024-D1,0.8408
pairwise:gate__gate_perturb,T1024-D2,0.8466
pairwise:gate__gate_perturb,T1025-D1,0.8850
pairwise:gate__gate_perturb,T1026-D1,0.7062
pairwise:gate__gate_perturb,T1030-D1,0.9367
pairwise:gate__gate_perturb,T1030-D2,0.9197
pairwise:gate__gate_perturb,T1031-D1,0.7011
pairwise:gate__gate_perturb,T1032-D1,0.8180
pairwise:gate__gate_perturb,T1033-D1,0.9191
pairwise:gate__gate_perturb,T1034-D1,0.7228
pairwise:gate__gate_perturb,T1036s1-D1,0.5062
pairwise:gate__gate_perturb,T1038-D1,0.6090
pairwise:gate__gate_perturb,T1038-D2,0.7617
pairwise:gate__gate_perturb,T1039-D1,0.8196
pairwise:gate__gate_perturb,T1046s1-D1,0.8129
pairwise:gate__gate_perturb,T1046s2-D1,0.8530
pairwise:gate__gate_perturb,T1049-D1,0.6596
pairwise:gate__gate_perturb,T1050-D1,0.8646
pairwise:gate__gate_perturb,T1050-D2,0.8889
pairwise:gate__gate_perturb,T1050-D3,0.8460
pairwise:gate__gate_perturb,T1054-D1,0.8654
pairwise:gate__gate_perturb,T1056-D1,0.8100
pairwise:gate__gate_perturb,T1057-D1,0.8897
pairwise:gate__gate_perturb,T1064-D1,0.7313
pairwise:gate__gate_perturb,T1067-D1,0.7479
pairwise:gate__gate_perturb,T1070-D2,0.7723
pairwise:gate__gate_perturb,T1073-D1,0.8874
pairwise:gate__gate_perturb,T1079-D1,0.8143
pairwise:gate__gate_perturb,T1082-D1,0.8631
pairwise:gate__gate_perturb,T1089-D1,0.8534
pairwise:gate__gate_perturb,T1090-D1,0.7543
pairwise:gate__gate_perturb,T1099-D1,0.7918
pairwise:gate__attnobias,T1024-D1,0.7014
pairwise:gate__attnobias,T1024-D2,0.7433
pairwise:gate__attnobias,T1025-D1,0.8293
pairwise:gate__attnobias,T1026-D1,0.6025
pairwise:gate__attnobias,T1030-D1,0.7993
pairwise:gate__attnobias,T1030-D2,0.7231
pairwise:gate__attnobias,T1031-D1,0.5850
pairwise:gate__attnobias,T1032-D1,0.6417
pairwise:gate__attnobias,T1033-D1,0.6947
pairwise:gate__attnobias,T1034-D1,0.6641
pairwise:gate__attnobias,T1036s1-D1,0.4339
pairwise:gate__attnobias,T1038-D1,0.4424
pairwise:gate__attnobias,T1038-D2,0.6269
pairwise:gate__attnobias,T1039-D1,0.5995
pairwise:gate__attnobias,T1046s1-D1,0.6742
pairwise:gate__attnobias,T1046s2-D1,0.7598
pairwise:gate__attnobias,T1049-D1,0.3694
pairwise:gate__attnobias,T1050-D1,0.8224
pairwise:gate__attnobias,T1050-D2,0.8422
pairwise:gate__attnobias,T1050-D3,0.7624
pairwise:gate__attnobias,T1054-D1,0.7797
pairwise:gate__attnobias,T1056-D1,0.7085
pairwise:gate__attnobias,T1057-D1,0.8044
pairwise:gate__attnobias,T1064-D1,0.5899
pairwise:gate__attnobias,T1067-D1,0.6452
pairwise:gate__attnobias,T1070-D2,0.7048
pairwise:gate__attnobias,T1073-D1,0.7589
pairwise:gate__attnobias,T1079-D1,0.6914
pairwise:gate__attnobias,T1082-D1,0.6268
pairwise:gate__attnobias,T1089-D1,0.7853
pairwise:gate__attnobias,T1090-D1,0.6147
pairwise:gate__attnobias,T1099-D1,0.6251
pairwise:gate_perturb__attnobias,T1024-D1,0.6647
pairwise:gate_perturb__attnobias,T1024-D2,0.7290
pairwise:gate_perturb__attnobias,T1025-D1,0.8281
pairwise:gate_perturb__attnobias,T1026-D1,0.6555
pairwise:gate_perturb__attnobias,T1030-D1,0.8125
pairwise:gate_perturb__attnobias,T1030-D2,0.7576
pairwise:gate_perturb__attnobias,T1031-D1,0.6238
pairwise:gate_perturb__attnobias,T1032-D1,0.6515
pairwise:gate_perturb__attnobias,T1033-D1,0.7400
pairwise:gate_perturb__attnobias,T1034-D1,0.6433
pairwise:gate_perturb__attnobias,T1036s1-D1,0.4353
pairwise:gate_perturb__attnobias,T1038-D1,0.4186
pairwise:gate_perturb__attnobias,T1038-D2,0.7077
pairwise:gate_perturb__attnobias,T1039-D1,0.6037
pairwise:gate_perturb__attnobias,T1046s1-D1,0.7283
pairwise:gate_perturb__attnobias,T1046s2-D1,0.7794
pairwise:gate_perturb__attnobias,T1049-D1,0.4047
pairwise:gate_perturb__attnobias,T1050-D1,0.7922
pairwise:gate_perturb__attnobias,T1050-D2,0.8153
pairwise:gate_perturb__attnobias,T1050-D3,0.7849
pairwise:gate_perturb__attnobias,T1054-D1,0.7843
pairwise:gate_perturb__attnobias,T1056-D1,0.7452
pairwise:gate_perturb__attnobias,T1057-D1,0.8300
pairwise:gate_perturb__attnobias,T1064-D1,0.6680
pairwise:gate_perturb__attnobias,T1067-D1,0.6268
pairwise:gate_perturb__attnobias,T1070-D2,0.7499
pairwise:gate_perturb__attnobias,T1073-D1,0.8100
pairwise:gate_perturb__attnobias,T1079-D1,0.7189
pairwise:gate_perturb__attnobias,T1082-D1,0.6875
pairwise:gate_perturb__attnobias,T1089-D1,0.7723
pairwise:gate_perturb__attnobias,T1090-D1,0.5794
pairwise:gate_perturb__attnobias,T1099-D1,0.6201
pmf_align:base,T1024-D1,0.0046
pmf_align:base,T1024-D2,0.0086
pmf_align:base,T1025-D1,0.0097
pmf_align:base,T1026-D1,0.0205
pmf_align:base,T1030-D1,0.0057
pmf_align:base,T1030-D2,0.0079
pmf_align:base,T1031-D1,0.0238
pmf_align:base,T1032-D1,0.0174
pmf_align:base,T1033-D1,0.0208
pmf_align:base,T1034-D1,0.0248
pmf_align:base,T1036s1-D1,0.0124
pmf_align:base,T1038-D1,0.1355
pmf_align:base,T1038-D2,0.0528
pmf_align:base,T1039-D1,0.0325
pmf_align:base,T1046s1-D1,0.0218
pmf_align:base,T1046s2-D1,0.0202
pmf_align:base,T1049-D1,0.0260
pmf_align:base,T1050-D1,0.0083
pmf_align:base,T1050-D2,0.0105
pmf_align:base,T1050-D3,0.0216
pmf_align:base,T1054-D1,0.0247
pmf_align:base,T1056-D1,0.0154
pmf_align:base,T1057-D1,0.0094
pmf_align:base,T1064-D1,0.0540
pmf_align:base,T1067-D1,0.0126
pmf_align:base,T1070-D2,0.0190
pmf_align:base,T1073-D1,0.0253
pmf_align:base,T1079-D1,0.0088
pmf_align:base,T1082-D1,0.0094
pmf_align:base,T1089-D1,0.0073
pmf_align:base,T1090-D1,0.0129
pmf_align:base,T1099-D1,0.0243
pmf_align:phys,T1024-D1,0.0040
pmf_align:phys,T1024-D2,0.0109
pmf_align:phys,T1025-D1,0.0074
pmf_align:phys,T1026-D1,0.0248
pmf_align:phys,T1030-D1,0.0080
pmf_align:phys,T1030-D2,0.0149
pmf_align:phys,T1031-D1,0.0270
pmf_align:phys,T1032-D1,0.0247
pmf_align:phys,T1033-D1,0.0283
pmf_align:phys,T1034-D1,0.0209
pmf_align:phys,T1036s1-D1,0.0249
pmf_align:phys,T1038-D1,0.0753
pmf_align:phys,T1038-D2,0.0463
pmf_align:phys,T1039-D1,0.0713
pmf_align:phys,T1046s1-D1,0.0226
pmf_align:phys,T1046s2-D1,0.0288
pmf_align:phys,T1049-D1,0.0548
pmf_align:phys,T1050-D1,0.0100
pmf_align:phys,T1050-D2,0.0117
pmf_align:phys,T1050-D3,0.0211
pmf_align:phys,T1054-D1,0.0229
pmf_align:phys,T1056-D1,0.0149
pmf_align:phys,T1057-D1,0.0122
pmf_align:phys,T1064-D1,0.0244
pmf_align:phys,T1067-D1,0.0168
pmf_align:phys,T1070-D2,0.0222
pmf_align:phys,T1073-D1,0.0150
pmf_align:phys,T1079-D1,0.0065
pmf_align:phys,T1082-D1,0.0076
pmf_align:phys,T1089-D1,0.0087
pmf_align:phys,T1090-D1,0.0221
pmf_align:phys,T1099-D1,0.0631
pmf_align:static,T1024-D1,0.0054
pmf_align:static,T1024-D2,0.0110
pmf_align:static,T1025-D1,0.0089
pmf_align:static,T1026-D1,0.0197
pmf_align:static,T1030-D1,0.0069
pmf_align:static,T1030-D2,0.0074
pmf_align:static,T1031-D1,0.0313
pmf_align:static,T1032-D1,0.0231
pmf_align:static,T1033-D1,0.0161
pmf_align:static,T1034-D1,0.0224
pmf_align:static,T1036s1-D1,0.0238
pmf_align:static,T1038-D1,0.0543
pmf_align:static,T1038-D2,0.0493
pmf_align:static,T1039-D1,0.0463
pmf_align:static,T1046s1-D1,0.0265
pmf_align:static,T1046s2-D1,0.0255
pmf_align:static,T1049-D1,0.0422
pmf_align:static,T1050-D1,0.0091
pmf_align:static,T1050-D2,0.0115
pmf_align:static,T1050-D3,0.0214
pmf_align:static,T1054-D1,0.0200
pmf_align:static,T1056-D1,0.0138
pmf_align:static,T1057-D1,0.0094
pmf_align:static,T1064-D1,0.0282
pmf_align:static,T1067-D1,0.0133
pmf_align:static,T1070-D2,0.0194
pmf_align:static,T1073-D1,0.0136
pmf_align:static,T1079-D1,0.0093
pmf_align:static,T1082-D1,0.0113
pmf_align:static,T1089-D1,0.0071
pmf_align:static,T1090-D1,0.0180
pmf_align:static,T1099-D1,0.0517
pmf_align:static_perturb,T1024-D1,0.0068
pmf_align:static_perturb,T1024-D2,0.0115
pmf_align:static_perturb,T1025-D1,0.0092
pmf_align:static_perturb,T1026-D1,0.0245
pmf_align:static_perturb,T1030-D1,0.0096
pmf_align:static_perturb,T1030-D2,0.0122
pmf_align:static_perturb,T1031-D1,0.0324
pmf_align:static_perturb,T1032-D1,0.0170
pmf_align:static_perturb,T1033-D1,0.0269
pmf_align:static_perturb,T1034-D1,0.0238
pmf_align:static_perturb,T1036s1-D1,0.0163
pmf_align:static_perturb,T1038-D1,0.0494
pmf_align:static_perturb,T1038-D2,0.0408
pmf_align:static_perturb,T1039-D1,0.0422
pmf_align:static_perturb,T1046s1-D1,0.0258
pmf_align:static_perturb,T1046s2-D1,0.0277
pmf_align:static_perturb,T1049-D1,0.0315
pmf_align:static_perturb,T1050-D1,0.0117
pmf_align:static_perturb,T1050-D2,0.0155
pmf_align:static_perturb,T1050-D3,0.0267
pmf_align:static_perturb,T1054-D1,0.0342
pmf_align:static_perturb,T1056-D1,0.0219
pmf_align:static_perturb,T1057-D1,0.0117
pmf_align:static_perturb,T1064-D1,0.0557
pmf_align:static_perturb,T1067-D1,0.0167
pmf_align:static_perturb,T1070-D2,0.0290
pmf_align:static_perturb,T1073-D1,0.0230
pmf_align:static_perturb,T1079-D1,0.0091
pmf_align:static_perturb,T1082-D1,0.0114
pmf_align:static_perturb,T1089-D1,0.0089
pmf_align:static_perturb,T1090-D1,0.0188
pmf_align:static_perturb,T1099-D1,0.0333
pmf_align:perturb,T1024-D1,0.0031
pmf_align:perturb,T1024-D2,0.0093
pmf_align:perturb,T1025-D1,0.0082
pmf_align:perturb,T1026-D1,0.0174
pmf_align:perturb,T1030-D1,0.0090
pmf_align:perturb,T1030-D2,0.0145
pmf_align:perturb,T1031-D1,0.0281
pmf_align:perturb,T1032-D1,0.0239
pmf_align:perturb,T1033-D1,0.0275
pmf_align:perturb,T1034-D1,0.0212
pmf_align:perturb,T1036s1-D1,0.0217
pmf_align:perturb,T1038-D1,0.0361
pmf_align:perturb,T1038-D2,0.0453
pmf_align:perturb,T1039-D1,0.0551
pmf_align:perturb,T1046s1-D1,0.0324
pmf_align:perturb,T1046s2-D1,0.0240
pmf_align:perturb,T1049-D1,0.0913
pmf_align:perturb,T1050-D1,0.0117
pmf_align:perturb,T1050-D2,0.0158
pmf_align:perturb,T1050-D3,0.0296
pmf_align:perturb,T1054-D1,0.0289
pmf_align:perturb,T1056-D1,0.0183
pmf_align:perturb,T1057-D1,0.0128
pmf_align:perturb,T1064-D1,0.0221
pmf_align:perturb,T1067-D1,0.0134
pmf_align:perturb,T1070-D2,0.0260
pmf_align:perturb,T1073-D1,0.0239
pmf_align:perturb,T1079-D1,0.0099
pmf_align:perturb,T1082-D1,0.0076
pmf_align:perturb,T1089-D1,0.0084
pmf_align:perturb,T1090-D1,0.0161
pmf_align:perturb,T1099-D1,0.0685
pmf_align:gate,T1024-D1,0.0051
pmf_align:gate,T1024-D2,0.0119
pmf_align:gate,T1025-D1,0.0082
pmf_align:gate,T1026-D1,0.0176
pmf_align:gate,T1030-D1,0.0078
pmf_align:gate,T1030-D2,0.0084
pmf_align:gate,T1031-D1,0.0338
pmf_align:gate,T1032-D1,0.0208
pmf_align:gate,T1033-D1,0.0188
pmf_align:gate,T1034-D1,0.0199
pmf_align:gate,T1036s1-D1,0.0138
pmf_align:gate,T1038-D1,0.0778
pmf_align:gate,T1038-D2,0.0506
pmf_align:gate,T1039-D1,0.0325
pmf_align:gate,T1046s1-D1,0.0267
pmf_align:gate,T1046s2-D1,0.0210
pmf_align:gate,T1049-D1,0.0327
pmf_align:gate,T1050-D1,0.0115
pmf_align:gate,T1050-D2,0.0151
pmf_align:gate,T1050-D3,0.0190
pmf_align:gate,T1054-D1,0.0244
pmf_align:gate,T1056-D1,0.0171
pmf_align:gate,T1057-D1,0.0105
pmf_align:gate,T1064-D1,0.0456
pmf_align:gate,T1067-D1,0.0099
pmf_align:gate,T1070-D2,0.0195
pmf_align:gate,T1073-D1,0.0224
pmf_align:gate,T1079-D1,0.0085
pmf_align:gate,T1082-D1,0.0121
pmf_align:gate,T1089-D1,0.0075
pmf_align:gate,T1090-D1,0.0162
pmf_align:gate,T1099-D1,0.0213
pmf_align:gate_perturb,T1024-D1,0.0077
pmf_align:gate_perturb,T1024-D2,0.0129
pmf_align:gate_perturb,T1025-D1,0.0083
pmf_align:gate_perturb,T1026-D1,0.0233
pmf_align:gate_perturb,T1030-D1,0.0087
pmf_align:gate_perturb,T1030-D2,0.0090
pmf_align:gate_perturb,T1031-D1,0.0296
pmf_align:gate_perturb,T1032-D1,0.0234
pmf_align:gate_perturb,T1033-D1,0.0154
pmf_align:gate_perturb,T1034-D1,0.0229
pmf_align:gate_perturb,T1036s1-D1,0.0152
pmf_align:gate_perturb,T1038-D1,0.0567
pmf_align:gate_perturb,T1038-D2,0.0568
pmf_align:gate_perturb,T1039-D1,0.0489
pmf_align:gate_perturb,T1046s1-D1,0.0153
pmf_align:gate_perturb,T1046s2-D1,0.0258
pmf_align:gate_perturb,T1049-D1,0.0297
pmf_align:gate_perturb,T1050-D1,0.0204
pmf_align:gate_perturb,T1050-D2,0.0211
pmf_align:gate_perturb,T1050-D3,0.0191
pmf_align:gate_perturb,T1054-D1,0.0296
pmf_align:gate_perturb,T1056-D1,0.0189
pmf_align:gate_perturb,T1057-D1,0.0116
pmf_align:gate_perturb,T1064-D1,0.0361
pmf_align:gate_perturb,T1067-D1,0.0137
pmf_align:gate_perturb,T1070-D2,0.0213
pmf_align:gate_perturb,T1073-D1,0.0236
pmf_align:gate_perturb,T1079-D1,0.0080
pmf_align:gate_perturb,T1082-D1,0.0127
pmf_align:gate_perturb,T1089-D1,0.0084
pmf_align:gate_perturb,T1090-D1,0.0121
pmf_align:gate_perturb,T1099-D1,0.0181
pmf_align:attnobias,T1024-D1,0.0041
pmf_align:attnobias,T1024-D2,0.0106
pmf_align:attnobias,T1025-D1,0.0070
pmf_align:attnobias,T1026-D1,0.0244
pmf_align:attnobias,T1030-D1,0.0053
pmf_align:attnobias,T1030-D2,0.0098
pmf_align:attnobias,T1031-D1,0.0310
pmf_align:attnobias,T1032-D1,0.0223
pmf_align:attnobias,T1033-D1,0.0207
pmf_align:attnobias,T1034-D1,0.0226
pmf_align:attnobias,T1036s1-D1,0.0114
pmf_align:attnobias,T1038-D1,0.0474
pmf_align:attnobias,T1038-D2,0.0391
pmf_align:attnobias,T1039-D1,0.0538
pmf_align:attnobias,T1046s1-D1,0.0176
pmf_align:attnobias,T1046s2-D1,0.0270
pmf_align:attnobias,T1049-D1,0.1026
pmf_align:attnobias,T1050-D1,0.0092
pmf_align:attnobias,T1050-D2,0.0141
pmf_align:attnobias,T1050-D3,0.0197
pmf_align:attnobias,T1054-D1,0.0240
pmf_align:attnobias,T1056-D1,0.0162
pmf_align:attnobias,T1057-D1,0.0107
pmf_align:attnobias,T1064-D1,0.0344
pmf_align:attnobias,T1067-D1,0.0163
pmf_align:attnobias,T1070-D2,0.0234
pmf_align:attnobias,T1073-D1,0.0271
pmf_align:attnobias,T1079-D1,0.0077
pmf_align:attnobias,T1082-D1,0.0122
pmf_align:attnobias,T1089-D1,0.0071
pmf_align:attnobias,T1090-D1,0.0148
pmf_align:attnobias,T1099-D1,0.0413
paired_d:phys_perturb_minus_base_phys,T1024-D1,0.1267
paired_d:phys_perturb_minus_base_phys,T1024-D2,0.0973
paired_d:phys_perturb_minus_base_phys,T1025-D1,0.0402
paired_d:phys_perturb_minus_base_phys,T1026-D1,0.0702
paired_d:phys_perturb_minus_base_phys,T1030-D1,0.0634
paired_d:phys_perturb_minus_base_phys,T1030-D2,0.0070
paired_d:phys_perturb_minus_base_phys,T1031-D1,-0.0134
paired_d:phys_perturb_minus_base_phys,T1032-D1,0.0633
paired_d:phys_perturb_minus_base_phys,T1033-D1,0.0450
paired_d:phys_perturb_minus_base_phys,T1034-D1,0.0512
paired_d:phys_perturb_minus_base_phys,T1036s1-D1,0.0342
paired_d:phys_perturb_minus_base_phys,T1038-D1,0.0762
paired_d:phys_perturb_minus_base_phys,T1038-D2,0.0949
paired_d:phys_perturb_minus_base_phys,T1039-D1,-0.0022
paired_d:phys_perturb_minus_base_phys,T1046s1-D1,0.0272
paired_d:phys_perturb_minus_base_phys,T1046s2-D1,0.0289
paired_d:phys_perturb_minus_base_phys,T1049-D1,-0.1535
paired_d:phys_perturb_minus_base_phys,T1050-D1,0.0673
paired_d:phys_perturb_minus_base_phys,T1050-D2,0.0486
paired_d:phys_perturb_minus_base_phys,T1050-D3,0.0682
paired_d:phys_perturb_minus_base_phys,T1054-D1,0.0162
paired_d:phys_perturb_minus_base_phys,T1056-D1,0.0290
paired_d:phys_perturb_minus_base_phys,T1057-D1,0.0680
paired_d:phys_perturb_minus_base_phys,T1064-D1,0.0892
paired_d:phys_perturb_minus_base_phys,T1067-D1,0.0719
paired_d:phys_perturb_minus_base_phys,T1070-D2,0.1121
paired_d:phys_perturb_minus_base_phys,T1073-D1,0.0522
paired_d:phys_perturb_minus_base_phys,T1079-D1,0.0493
paired_d:phys_perturb_minus_base_phys,T1082-D1,0.0077
paired_d:phys_perturb_minus_base_phys,T1089-D1,0.0559
paired_d:phys_perturb_minus_base_phys,T1090-D1,0.0671
paired_d:phys_perturb_minus_base_phys,T1099-D1,-0.1245
paired_d:phys_attnobias_minus_base_phys,T1024-D1,0.0654
paired_d:phys_attnobias_minus_base_phys,T1024-D2,0.0697
paired_d:phys_attnobias_minus_base_phys,T1025-D1,0.0582
paired_d:phys_attnobias_minus_base_phys,T1026-D1,0.0594
paired_d:phys_attnobias_minus_base_phys,T1030-D1,0.0573
paired_d:phys_attnobias_minus_base_phys,T1030-D2,-0.0049
paired_d:phys_attnobias_minus_base_phys,T1031-D1,-0.0012
paired_d:phys_attnobias_minus_base_phys,T1032-D1,0.0358
paired_d:phys_attnobias_minus_base_phys,T1033-D1,0.0025
paired_d:phys_attnobias_minus_base_phys,T1034-D1,0.0466
paired_d:phys_attnobias_minus_base_phys,T1036s1-D1,0.0760
paired_d:phys_attnobias_minus_base_phys,T1038-D1,0.0615
paired_d:phys_attnobias_minus_base_phys,T1038-D2,0.0439
paired_d:phys_attnobias_minus_base_phys,T1039-D1,0.0122
paired_d:phys_attnobias_minus_base_phys,T1046s1-D1,-0.0019
paired_d:phys_attnobias_minus_base_phys,T1046s2-D1,0.0595
paired_d:phys_attnobias_minus_base_phys,T1049-D1,-0.1205
paired_d:phys_attnobias_minus_base_phys,T1050-D1,0.0557
paired_d:phys_attnobias_minus_base_phys,T1050-D2,0.0491
paired_d:phys_attnobias_minus_base_phys,T1050-D3,0.0607
paired_d:phys_attnobias_minus_base_phys,T1054-D1,0.0596
paired_d:phys_attnobias_minus_base_phys,T1056-D1,0.0685
paired_d:phys_attnobias_minus_base_phys,T1057-D1,0.0582
paired_d:phys_attnobias_minus_base_phys,T1064-D1,0.1135
paired_d:phys_attnobias_minus_base_phys,T1067-D1,0.0893
paired_d:phys_attnobias_minus_base_phys,T1070-D2,0.1331
paired_d:phys_attnobias_minus_base_phys,T1073-D1,0.0385
paired_d:phys_attnobias_minus_base_phys,T1079-D1,0.0383
paired_d:phys_attnobias_minus_base_phys,T1082-D1,-0.0201
paired_d:phys_attnobias_minus_base_phys,T1089-D1,0.0706
paired_d:phys_attnobias_minus_base_phys,T1090-D1,0.0963
paired_d:phys_attnobias_minus_base_phys,T1099-D1,0.0186
paired_d:static_static_perturb_minus_base_static,T1024-D1,0.1002
paired_d:static_static_perturb_minus_base_static,T1024-D2,0.1117
paired_d:static_static_perturb_minus_base_static,T1025-D1,0.0520
paired_d:static_static_perturb_minus_base_static,T1026-D1,0.0383
paired_d:static_static_perturb_minus_base_static,T1030-D1,0.0778
paired_d:static_static_perturb_minus_base_static,T1030-D2,0.0707
paired_d:static_static_perturb_minus_base_static,T1031-D1,0.0796
paired_d:static_static_perturb_minus_base_static,T1032-D1,0.0767
paired_d:static_static_perturb_minus_base_static,T1033-D1,0.0049
paired_d:static_static_perturb_minus_base_static,T1034-D1,0.1245
paired_d:static_static_perturb_minus_base_static,T1036s1-D1,0.0527
paired_d:static_static_perturb_minus_base_static,T1038-D1,0.1864
paired_d:static_static_perturb_minus_base_static,T1038-D2,0.0617
paired_d:static_static_perturb_minus_base_static,T1039-D1,0.1228
paired_d:static_static_perturb_minus_base_static,T1046s1-D1,0.0514
paired_d:static_static_perturb_minus_base_static,T1046s2-D1,0.0193
paired_d:static_static_perturb_minus_base_static,T1049-D1,0.0698
paired_d:static_static_perturb_minus_base_static,T1050-D1,0.0787
paired_d:static_static_perturb_minus_base_static,T1050-D2,0.0588
paired_d:static_static_perturb_minus_base_static,T1050-D3,0.0512
paired_d:static_static_perturb_minus_base_static,T1054-D1,0.0534
paired_d:static_static_perturb_minus_base_static,T1056-D1,0.0747
paired_d:static_static_perturb_minus_base_static,T1057-D1,0.0736
paired_d:static_static_perturb_minus_base_static,T1064-D1,-0.0801
paired_d:static_static_perturb_minus_base_static,T1067-D1,0.0531
paired_d:static_static_perturb_minus_base_static,T1070-D2,0.0895
paired_d:static_static_perturb_minus_base_static,T1073-D1,0.0478
paired_d:static_static_perturb_minus_base_static,T1079-D1,0.1066
paired_d:static_static_perturb_minus_base_static,T1082-D1,0.0239
paired_d:static_static_perturb_minus_base_static,T1089-D1,0.0717
paired_d:static_static_perturb_minus_base_static,T1090-D1,0.0488
paired_d:static_static_perturb_minus_base_static,T1099-D1,0.0355
paired_d:gate_gate_perturb_minus_base_gate,T1024-D1,0.0718
paired_d:gate_gate_perturb_minus_base_gate,T1024-D2,0.1050
paired_d:gate_gate_perturb_minus_base_gate,T1025-D1,0.0541
paired_d:gate_gate_perturb_minus_base_gate,T1026-D1,0.0644
paired_d:gate_gate_perturb_minus_base_gate,T1030-D1,0.1184
paired_d:gate_gate_perturb_minus_base_gate,T1030-D2,0.1255
paired_d:gate_gate_perturb_minus_base_gate,T1031-D1,0.0649
paired_d:gate_gate_perturb_minus_base_gate,T1032-D1,0.0895
paired_d:gate_gate_perturb_minus_base_gate,T1033-D1,0.1706
paired_d:gate_gate_perturb_minus_base_gate,T1034-D1,0.0412
paired_d:gate_gate_perturb_minus_base_gate,T1036s1-D1,0.0784
paired_d:gate_gate_perturb_minus_base_gate,T1038-D1,0.1623
paired_d:gate_gate_perturb_minus_base_gate,T1038-D2,0.1368
paired_d:gate_gate_perturb_minus_base_gate,T1039-D1,0.1406
paired_d:gate_gate_perturb_minus_base_gate,T1046s1-D1,0.0392
paired_d:gate_gate_perturb_minus_base_gate,T1046s2-D1,0.0704
paired_d:gate_gate_perturb_minus_base_gate,T1049-D1,0.2050
paired_d:gate_gate_perturb_minus_base_gate,T1050-D1,0.0270
paired_d:gate_gate_perturb_minus_base_gate,T1050-D2,0.0349
paired_d:gate_gate_perturb_minus_base_gate,T1050-D3,0.0543
paired_d:gate_gate_perturb_minus_base_gate,T1054-D1,0.0785
paired_d:gate_gate_perturb_minus_base_gate,T1056-D1,0.0909
paired_d:gate_gate_perturb_minus_base_gate,T1057-D1,0.0676
paired_d:gate_gate_perturb_minus_base_gate,T1064-D1,0.1280
paired_d:gate_gate_perturb_minus_base_gate,T1067-D1,0.0722
paired_d:gate_gate_perturb_minus_base_gate,T1070-D2,0.0234
paired_d:gate_gate_perturb_minus_base_gate,T1073-D1,0.1004
paired_d:gate_gate_perturb_minus_base_gate,T1079-D1,0.0596
paired_d:gate_gate_perturb_minus_base_gate,T1082-D1,0.1341
paired_d:gate_gate_perturb_minus_base_gate,T1089-D1,0.0320
paired_d:gate_gate_perturb_minus_base_gate,T1090-D1,0.1333
paired_d:gate_gate_perturb_minus_base_gate,T1099-D1,0.1372
