pdb,chain,n_res,n_pairs,not_in_chainfile
11ao,a,358,63546,0
11gz,a,220,23871,0
12as,a,327,52975,0
1a1x,a,106,5460,0
1a2x,b,31,435,0
1af6,a,421,87990,0
1aho,a,64,1953,0
1ahs,a,126,7750,0
1am7,a,150,11026,0
1aol,a,228,25651,0
1ax8,a,130,8256,0
1ayo,a,130,8256,0
1b12,a,239,28203,0
1b33,n,67,2145,0
1b77,a,228,25651,0
1bgf,a,123,7381,0
1bm8,a,99,4753,0
1bsl,a,323,51681,0
1bxy,a,60,1711,0
1byi,a,224,24753,0
1c0p,a,363,65341,0
1c1k,a,217,23220,0
1c5e,a,95,4371,0
1c7k,a,132,8515,0
1cc8,a,72,2485,0
1chd,a,198,19306,0
1cr5,a,178,15576,0
1cv8,a,173,14706,0
1cxq,a,143,10011,0
1cy5,a,92,4095,0
1cy9,a,245,29646,0
1d02,a,197,19110,0
1d2o,a,187,17205,0
1d2z,b,150,11026,0
1d5t,a,431,92235,0
1d9c,a,121,7140,0
1dc1,a,310,47586,0
1dcf,a,132,8515,0
1dfm,a,218,23436,0
1dg6,a,149,10878,0
1dgw,x,76,2775,0
1di1,a,290,41616,0
1dj0,a,264,34453,0
1dmg,a,172,14535,0
1dmu,a,299,44253,0
1dp4,a,425,89676,0
1dp5,b,31,435,0
1dp7,p,76,2775,0
1dqg,a,134,8778,0
1ds1,a,323,51681,0
1dy2,a,168,13861,0
1dzf,a,211,21945,0
1e4m,m,499,123753,0
1e5k,a,188,17391,0
1e7l,a,157,12090,0
1eaq,a,121,7140,0
1eay,c,67,2145,0
1eb6,a,177,15400,0
1egw,a,71,2415,0
1ei7,a,158,12246,0
1el6,a,208,21321,0
1euw,a,136,9045,0
1ev7,a,295,43071,0
1ewf,a,456,103285,0
1ezg,a,82,3240,0
1ezj,a,114,6328,0
1f3u,b,139,9453,0
1f46,a,139,9453,0
1f9v,a,313,48516,0
1fd3,a,41,780,0
1fep,a,669,222778,0
1feu,a,185,16836,0
1fiu,a,286,40470,0
1fjr,a,188,17391,0
1flm,a,122,7260,0
1fm0,e,142,9870,0
1fn9,a,365,66066,0
1fs1,a,41,780,0
1fsg,a,230,26106,0
1fx3,a,143,10011,0
1g2r,a,94,4278,0
1g3j,b,41,780,0
1g3k,a,173,14706,0
1g3p,a,191,17955,0
1g5h,a,399,79003,0
1g61,a,225,24976,0
1g6x,a,58,1596,0
1g8e,a,98,4656,0
1gci,a,269,35778,0
1gkm,b,506,127260,0
1gny,a,153,11476,0
1got,g,58,1596,0
1gp0,a,133,8646,0
1gqe,a,354,62128,0
1gqi,a,708,249571,0
1grj,a,151,11175,0
1gwe,a,498,123256,0
1gxm,a,324,52003,0
1gxu,a,88,3741,0
1gzs,b,165,13366,0
1h12,a,404,81003,0
1h2s,b,60,1711,0
1h4x,a,110,5886,0
1h5w,a,249,30628,0
1h8p,a,88,3741,0
1har,a,196,18915,0
1hdm,a,184,16653,0
1hf2,a,196,18915,0
1hi9,a,274,37128,0
1htr,p,43,861,0
1hul,a,108,5671,0
1hx6,a,370,67896,0
1hxr,a,107,5565,0
1hy5,a,115,6441,0
1hyo,a,416,85905,0
1hyp,a,75,2701,0
1hz6,a,64,1953,0
1i1w,a,302,45150,0
1i27,a,73,2556,0
1i2t,a,61,1770,0
1i7w,b,48,1081,0
1i8n,a,88,3741,0
1iap,a,190,17766,0
1ifr,a,113,6216,0
1iq4,a,179,15753,0
1iqz,a,81,3160,0
1ix9,a,205,20706,0
1j0p,a,107,5565,0
1j24,a,133,8646,0
1j34,c,34,528,0
1j3a,a,129,8128,0
1j6r,a,197,19110,0
1j7x,a,298,43956,0
1j98,a,153,11476,0
1jb3,a,127,7875,0
1jdw,a,360,64261,0
1jek,a,40,741,0
1jey,a,493,120786,0
1jfb,a,399,79003,0
1jhj,a,161,12720,0
1jhs,a,188,17391,0
1jni,a,62,1830,0
1jo0,a,97,4560,0
1jos,a,100,4851,0
1jov,a,269,35778,0
1jql,b,140,9591,0
1jr2,a,260,33411,0
1jsu,c,69,2278,0
1jy2,n,43,861,0
1jyo,a,130,8256,0
1k3x,a,253,31626,0
1k4i,a,216,23005,0
1k4z,a,157,12090,0
1k5j,a,94,4278,0
1k5n,a,276,37675,0
1k7j,a,199,19503,0
1k8k,d,284,39903,0
1k8k,e,174,14878,0
1k8k,g,139,9453,0
1kaf,a,108,5671,0
1kcm,a,256,32385,0
1kjq,a,388,74691,0
1klo,a,162,12880,0
1kmt,a,138,9316,0
1knm,a,129,8128,0
1knv,a,290,41616,0
1knx,a,303,45451,0
1knz,a,154,11628,0
1kpt,a,105,5356,0
1kq6,a,136,9045,0
1kqf,c,216,23005,0
1kqp,a,271,36315,0
1kt6,a,175,15051,0
1kve,b,77,2850,0
1kzf,a,198,19306,0
1l0s,a,87,3655,0
1l1l,a,717,255970,0
1l2p,a,61,1770,0
1l2w,i,57,1540,0
1l8w,a,269,35778,0
1lfp,a,241,28680,0
1lj8,a,481,114960,0
1ljo,a,75,2701,0
1lki,a,172,14535,0
1lmi,a,131,8385,0
1lqt,a,452,101475,0
1lsh,b,174,14878,0
1lts,c,41,780,0
1lwb,a,122,7260,0
1m15,a,356,62835,0
1m22,a,487,117855,0
1m2b,a,101,4950,0
1m4l,a,307,46665,0
1m55,a,193,18336,0
1m9z,a,105,5356,0
1mc2,a,122,7260,0
1mg7,a,351,61075,0
1mij,a,134,8778,0
1mj5,a,297,43660,0
1mkf,a,371,68265,0
1mkk,a,93,4186,0
1mn8,a,95,4371,0
1mnn,a,290,41616,0
1mus,a,458,104196,0
1muw,a,386,73920,0
1mwq,a,97,4560,0
1my7,a,107,5565,0
1mz9,a,45,946,0
1n08,a,154,11628,0
1n13,b,112,6105,0
1n3l,a,332,54615,0
1n62,a,161,12720,0
1n62,b,804,322003,0
1n62,c,286,40470,0
1n7v,a,533,141246,0
1n93,x,335,55611,0
1n9p,a,189,17578,0
1ne7,a,281,39060,0
1nh2,b,46,990,0
1nig,a,146,10440,0
1nkd,a,59,1653,0
1nkg,a,508,128271,0
1nki,a,134,8778,0
1no4,a,77,2850,0
1nrj,a,146,10440,0
1nu7,d,281,39060,0
1nww,a,145,10296,0
1nwz,a,125,7626,0
1nxz,a,242,28920,0
1nyc,a,109,5778,0
1nz0,a,107,5565,0
1nzj,a,273,36856,0
1o6a,a,85,3486,0
1o75,a,399,79003,0
1o7j,a,325,52326,0
1o97,c,250,30876,0
1oai,a,59,1653,0
1odf,a,280,38781,0
1of8,a,339,56953,0
1ois,a,220,23871,0
1ojh,a,50,1176,0
1ok0,a,74,2628,0
1okc,a,292,42195,0
1oks,a,50,1176,0
1omz,a,253,31626,0
1oo0,a,144,10153,0
1oqj,a,89,3828,0
1or7,c,66,2080,0
1ors,c,132,8515,0
1osy,a,114,6328,0
1ou9,a,118,6786,0
1ow4,a,118,6786,0
1oz9,a,141,9730,0
1p35,a,299,44253,0
1p6o,a,156,11935,0
1p9g,a,40,741,0
1p9y,a,117,6670,0
1pby,c,78,2926,0
1pg6,a,206,20910,0
1pgv,a,167,13695,0
1pm4,a,117,6670,0
1pmh,x,181,16110,0
1pp0,a,191,17955,0
1ppj,i,43,861,0
1puc,a,101,4950,0
1pv5,a,254,31878,0
1pya,a,81,3160,0
1pz4,a,110,5886,0
1q35,a,316,49455,0
1q42,a,159,12403,0
1q5y,a,84,3403,0
1q5z,a,145,10296,0
1qd1,a,319,50403,0
1qd6,c,240,28441,0
1qex,a,288,41041,0
1qf8,a,159,12403,0
1qhh,b,261,33670,0
1qhh,c,102,5050,0
1qna,a,182,16290,0
1qqp,4,46,990,0
1qqr,a,138,9316,0
1qw2,a,97,4560,0
1qwo,a,434,93528,0
1qz7,b,17,120,0
1qzg,a,170,14196,0
1r0r,i,51,1225,0
1r0u,a,136,9045,0
1r44,a,202,20100,0
1r4f,a,313,48516,0
1r4x,a,273,36856,0
1r6j,a,82,3240,0
1r6x,a,386,73920,0
1r75,a,110,5886,0
1r9l,a,309,47278,0
1rfy,a,89,3828,0
1rg8,a,137,9180,0
1rgx,a,89,3828,0
1rki,a,101,4950,0
1rlk,a,116,6555,0
1roc,a,154,11628,0
1rtq,a,291,41905,0
1rtt,a,174,14878,0
1rut,x,157,12090,0
1rwh,a,754,283128,0
1ryl,a,157,12090,0
1rz4,a,207,21115,0
1s0p,a,176,15225,0
1s1d,a,317,49770,0
1s2x,a,175,15051,0
1s4b,p,654,212878,0
1s7k,a,158,12246,0
1s7z,a,101,4950,0
1s98,a,97,4560,0
1s99,a,179,15753,0
1s9u,a,195,18721,0
1sa3,a,262,33930,0
1sau,a,114,6328,0
1sbx,a,103,5151,0
1scf,a,116,6555,0
1sdi,a,213,22366,0
1sei,a,130,8256,0
1si7,a,340,57291,0
1sk7,a,187,17205,0
1skz,a,104,5253,0
1slu,a,131,8385,0
1smp,i,100,4851,0
1spp,b,112,6105,0
1sr8,a,282,39340,0
1sz7,a,156,11935,0
1szh,a,147,10585,0
1t0f,a,264,34453,0
1t3u,a,90,3916,0
1t61,a,223,24531,0
1t6l,a,249,30628,0
1t77,a,414,85078,0
1t92,a,108,5671,0
1tbf,a,326,52650,0
1tfe,a,142,9870,0
1th1,c,51,1225,0
1tqg,a,104,5253,0
1ts9,a,93,4186,0
1tt8,a,164,13203,0
1tu9,a,131,8385,0
1twf,c,266,34980,0
1twf,h,133,8646,0
1ty4,c,26,300,0
1tzp,a,240,28441,0
1tzv,a,141,9730,0
1u07,a,90,3916,0
1u0s,a,86,3570,0
1u14,a,166,13530,0
1u2j,a,295,43071,0
1u7l,a,364,65703,0
1u84,a,81,3160,0
1ucd,a,190,17766,0
1ucs,a,64,1953,0
1ufi,a,48,1081,0
1ufy,a,121,7140,0
1ugi,a,83,3321,0
1ukf,a,188,17391,0
1unn,c,111,5995,0
1unq,a,116,6555,0
1uoy,a,64,1953,0
1upk,a,310,47586,0
1us0,a,312,48205,0
1usm,a,77,2850,0
1utg,a,70,2346,0
1uun,a,184,16653,0
1uv7,a,74,2628,0
1uvj,a,664,219453,0
1ux6,a,335,55611,0
1uz3,a,102,5050,0
1v0w,a,496,122265,0
1v4a,a,415,85491,0
1v4p,a,151,11175,0
1v6p,a,62,1830,0
1v74,a,107,5565,0
1v74,b,87,3655,0
1v77,a,202,20100,0
1v7z,a,257,32640,0
1v84,a,245,29646,0
1v9m,a,312,48205,0
1vbw,a,68,2211,0
1vcc,a,77,2850,0
1ve4,a,201,19900,0
1vf6,c,51,1225,0
1vh4,a,410,83436,0
1vh5,a,137,9180,0
1vjl,a,139,9453,0
1vju,a,287,40755,0
1vk1,a,223,24531,0
1vly,a,314,48828,0
1vmh,a,129,8128,0
1vmo,a,163,13041,0
1vpq,a,259,33153,0
1vpr,a,344,58653,0
1vpt,a,291,41905,0
1vqo,e,172,14535,0
1vqo,h,160,12561,0
1vqo,m,194,18528,0
1vqo,n,186,17020,0
1vqo,r,150,11026,0
1vqo,x,82,3240,0
1vqs,a,100,4851,0
1vr7,a,119,6903,0
1vr8,a,124,7503,0
1vra,b,209,21528,0
1vyk,a,129,8128,0
1vyr,a,363,65341,0
1vzj,a,25,276,0
1vzy,a,290,41616,0
1w0h,a,194,18528,0
1w0n,a,120,7021,0
1w23,a,360,64261,0
1w2w,a,207,21115,0
1w2w,b,190,17766,0
1w4s,a,146,10440,0
1w66,a,216,23005,0
1w6s,a,595,176121,0
1w6s,b,72,2485,0
1w8t,a,142,9870,0
1w96,a,549,149878,0
1w99,a,558,154846,0
1wa5,c,950,449826,0
1wdi,a,294,42778,0
1wer,a,324,52003,0
1whi,a,122,7260,0
1whs,b,152,11325,0
1wjx,a,112,6105,0
1wol,a,122,7260,0
1wpb,a,168,13861,0
1wpu,a,147,10585,0
1wte,a,272,36585,0
1wtj,a,332,54615,0
1x3l,a,436,94395,0
1x6i,a,88,3741,0
1x6z,a,119,6903,0
1x8q,a,184,16653,0
1x91,a,149,10878,0
1x9i,a,300,44551,0
1xcr,a,313,48516,0
1xd3,a,229,25878,0
1xdn,a,262,33930,0
1xe7,a,186,17020,0
1xg0,a,75,2701,0
1xg0,c,173,14706,0
1xip,a,364,65703,0
1xkn,a,344,58653,0
1xkp,b,119,6903,0
1xks,a,372,68635,0
1xl3,c,88,3741,0
1xly,a,224,24753,0
1xmk,a,79,3003,0
1xmt,a,95,4371,0
1xqo,a,253,31626,0
1xsz,a,354,62128,0
1xv5,a,399,79003,0
1y0k,a,178,15576,0
1y14,b,154,11628,0
1y43,b,171,14365,0
1y6x,a,86,3570,0
1y6z,a,242,28920,0
1y7t,a,326,52650,0
1y9i,a,158,12246,0
1y9l,a,110,5886,0
1ya5,t,89,3828,0
1yar,o,218,23436,0
1yb3,a,163,13041,0
1ydx,a,368,67161,0
1yfq,a,342,57970,0
1ygt,a,104,5253,0
1ylx,a,94,4278,0
1yoz,a,113,6216,0
1ypy,a,182,16290,0
1yq5,a,142,9870,0
1ytv,m,6,10,0
1z0p,a,73,2556,0
1z0w,a,203,20301,0
1z21,a,96,4465,0
1z2u,a,147,10585,0
1z3e,b,67,2145,0
1z6n,a,166,13530,0
1z72,a,213,22366,0
1zbx,b,120,7021,0
1zd0,a,138,9316,0
1zel,a,291,41905,0
1zgx,a,63,1891,0
1zhs,a,113,6216,0
1zhv,a,134,8778,0
1zjc,a,413,84666,0
1zkd,a,349,60378,0
1zl0,a,306,46360,0
1zld,a,102,5050,0
1zps,a,124,7503,0
1zup,a,283,39621,0
1zv1,a,59,1653,0
1zvp,a,128,8001,0
1zy7,a,378,70876,0
1zzk,a,80,3081,0
27rq,a,73,2556,0
2a1k,a,215,22791,0
2a26,a,47,1035,0
2a2m,a,225,24976,0
2a5z,a,232,26565,0
2a65,a,509,128778,0
2abs,a,340,57291,0
2aib,a,98,4656,0
2aor,a,220,23871,0
2ap3,a,192,18145,0
2ask,a,101,4950,0
2aua,a,188,17391,0
2av4,a,135,8911,0
2axc,a,228,25651,0
2axw,a,134,8778,0
2ayd,a,76,2775,0
2b0a,a,186,17020,0
2b2a,a,164,13203,0
2b34,a,192,18145,0
2b4h,a,227,25425,0
2b69,a,302,45150,0
2b82,a,211,21945,0
2b97,a,70,2346,0
2ba2,a,81,3160,0
2bbd,a,319,50403,0
2bbr,a,189,17578,0
2bcm,a,138,9316,0
2bfd,b,332,54615,0
2bh1,x,68,2211,0
2bii,a,415,85491,0
2bln,a,298,43956,0
2bnl,a,127,7875,0
2bo9,b,217,23220,0
2bou,a,137,9180,0
2bt9,a,90,3916,0
2bw3,a,508,128271,0
2bwr,a,401,79800,0
2bz1,a,170,14196,0
2c1l,a,358,63546,0
2c1m,b,46,990,0
2c2u,a,178,15576,0
2c3v,a,92,4095,0
2c5l,c,97,4560,0
2c5q,a,231,26335,0
2c5u,a,359,63903,0
2c60,a,78,2926,0
2c71,a,205,20706,0
2c7n,a,55,1431,0
2c9l,y,63,1891,0
2car,a,194,18528,0
2cb8,a,86,3570,0
2cbo,a,115,6441,0
2cc6,a,64,1953,0
2ccv,a,99,4753,0
2cg7,a,90,3916,0
2ci1,a,273,36856,0
2cio,b,5,6,0
2cnq,a,301,44850,0
2cov,d,92,4095,0
2cve,a,190,17766,0
2cvi,a,83,3321,0
2cxa,a,221,24090,0
2cxh,a,177,15400,0
2cxi,a,339,56953,0
2cxk,a,86,3570,0
2cxy,a,113,6216,0
2cyg,a,312,48205,0
2czv,c,118,6786,0
2d48,a,129,8128,0
2d4p,a,130,8256,0
2d5m,a,183,16471,0
2d68,a,75,2701,0
2d7d,b,38,666,0
2dbs,a,78,2926,0
2ddx,a,324,52003,0
2dkj,a,402,80200,0
2dko,a,146,10440,0
2dko,b,103,5151,0
2dlb,a,69,2278,0
2dpm,a,258,32896,0
2dwu,a,265,34716,0
2dxa,a,154,11628,0
2e0a,a,358,63546,0
2e1h,a,225,24976,0
2e3h,a,81,3160,0
2e3n,a,231,26335,0
2e4m,c,143,10011,0
2e8e,a,132,8515,0
2e9x,c,186,17020,0
2e9x,d,197,19110,0
2eab,a,888,392941,0
2ed6,a,170,14196,0
2efe,a,246,29890,0
2efv,a,82,3240,0
2ekd,a,199,19503,0
2end,a,137,9180,0
2erv,a,150,11026,0
2es4,d,269,35778,0
2etd,a,126,7750,0
2ew0,a,173,14706,0
2f01,a,120,7021,0
2f0c,a,147,10585,0
2f22,a,136,9045,0
2f2f,c,154,11628,0
2f5g,a,130,8256,0
2f9h,a,119,6903,0
2fao,a,295,43071,0
2fba,a,492,120295,0
2fcj,a,114,6328,0
2fcl,a,142,9870,0
2fco,a,154,11628,0
2fcw,b,78,2926,0
2fef,a,277,37950,0
2ffy,a,358,63546,0
2fgq,x,330,53956,0
2fgt,a,373,69006,0
2fhz,b,93,4186,0
2fip,a,115,6441,0
2fj8,a,120,7021,0
2fji,1,396,77815,0
2fkk,a,184,16653,0
2fma,a,59,1653,0
2fot,c,23,231,0
2fph,x,165,13366,0
2fpn,a,198,19306,0
2ful,a,161,12720,0
2fup,a,125,7626,0
2fvy,a,305,46056,0
2fyu,k,53,1326,0
2fzp,a,134,8778,0
2g3v,a,152,11325,0
2g3w,a,173,14706,0
2g40,a,164,13203,0
2g5g,x,251,31125,0
2g7o,a,68,2211,0
2gak,a,374,69378,0
2gb7,a,293,42486,0
2gfq,a,266,34980,0
2ggc,a,263,34191,0
2gkg,a,122,7260,0
2gkp,a,161,12720,0
2gl2,a,103,5151,0
2glz,a,146,10440,0
2gmq,a,96,4465,0
2gmy,a,147,10585,0
2gnx,a,259,33153,0
2gom,a,61,1770,0
2grr,b,157,12090,0
2grv,a,516,132355,0
2gsv,a,65,2016,0
2gtd,a,248,30381,0
2gu3,a,128,8001,0
2gud,a,121,7140,0
2guk,a,107,5565,0
2guv,a,56,1485,0
2h1t,a,185,16836,0
2h7o,a,270,36046,0
2h88,c,139,9453,0
2h88,d,101,4950,0
2h8e,a,120,7021,0
2hc8,a,113,6216,0
2hd0,a,127,7875,0
2hdz,a,66,2080,0
2hin,a,66,2080,0
2hiy,a,176,15225,0
2hkv,a,144,10153,0
2hp0,a,430,91806,0
2hq4,a,149,10878,0
2hqt,a,115,6441,0
2hqy,a,298,43956,0
2hsn,a,160,12561,0
2hu9,a,130,8256,0
2huh,a,144,10153,0
2huj,a,117,6670,0
2hv2,a,381,72010,0
2hw4,a,114,6328,0
2hx5,a,141,9730,0
2hzm,a,205,20706,0
2hzm,b,227,25425,0
2i2o,a,206,20910,0
2i2x,b,258,32896,0
2i49,a,398,78606,0
2i51,a,190,17766,0
2i52,a,114,6328,0
2i53,a,254,31878,0
2i5i,a,254,31878,0
2i5u,a,73,2556,0
2i5v,o,246,29890,0
2i6h,a,176,15225,0
2i71,a,363,65341,0
2i74,a,177,15400,0
2i8d,a,117,6670,0
2i9f,a,58,1596,0
2i9i,a,221,24090,0
2i9w,a,173,14706,0
2ia1,a,168,13861,0
2ia7,a,109,5778,0
2iaf,a,136,9045,0
2iay,a,109,5778,0
2ibl,a,108,5671,0
2ic6,a,71,2415,0
2ich,a,315,49141,0
2idl,a,112,6105,0
2igp,a,114,6328,0
2ii2,a,304,45753,0
2ii9,a,92,4095,0
2iih,a,146,10440,0
2ij2,a,450,100576,0
2iks,a,272,36585,0
2ilr,a,249,30628,0
2in5,a,190,17766,0
2ip6,a,87,3655,0
2it2,a,182,16290,0
2it9,a,114,6328,0
2ivf,c,214,22578,0
2j0s,t,44,903,0
2j1d,g,395,77421,0
2j3w,a,140,9591,0
2j49,a,134,8778,0
2j5y,a,53,1326,0
2j6b,a,109,5778,0
2j73,a,103,5151,0
2j7j,a,85,3486,0
2j8k,a,175,15051,0
2jcb,a,189,17578,0
2jdi,a,487,117855,0
2jdi,g,184,16653,0
2jdi,h,88,3741,0
2je6,a,272,36585,0
2jek,a,140,9591,0
2jfr,a,233,26796,0
2jh1,a,232,26565,0
2jhq,a,223,24531,0
2jii,a,321,51040,0
2nn5,a,158,12246,0
2nnu,a,200,19701,0
2nog,a,147,10585,0
2nq2,a,308,46971,0
2nrr,a,139,9453,0
2nsa,a,165,13366,0
2nsf,a,240,28441,0
2nsz,a,129,8128,0
2nt2,a,142,9870,0
2ntk,a,202,20100,0
2ntx,a,300,44551,0
2nuh,a,104,5253,0
2nvo,a,496,122265,0
2nwf,a,141,9730,0
2nwv,a,111,5995,0
2nx2,a,177,15400,0
2nxv,a,249,30628,0
2nyk,a,237,27730,0
2o0a,a,269,35778,0
2o1k,a,43,861,0
2o30,a,81,3160,0
2o35,a,76,2775,0
2o3i,a,366,66430,0
2o5h,a,123,7381,0
2o62,a,266,34980,0
2o6k,a,70,2346,0
2o7a,a,115,6441,0
2o8g,i,59,1653,0
2o8s,a,226,25200,0
2o90,a,115,6441,0
2o9s,a,67,2145,0
2od6,a,103,5151,0
2odi,a,232,26565,0
2odk,a,50,1176,0
2oee,a,87,3655,0
2ofc,a,141,9730,0
2ofk,a,182,16290,0
2ohw,a,128,8001,0
2oiz,d,109,5778,0
2oj5,a,162,12880,0
2okf,a,128,8001,0
2okt,a,341,57630,0
2oku,a,118,6786,0
2olm,a,133,8646,0
2olt,a,208,21321,0
2omk,a,206,20910,0
2oml,a,180,15931,0
2opc,a,115,6441,0
2oqb,a,108,5671,0
2os0,a,179,15753,0
2ov0,a,105,5356,0
2ovj,a,201,19900,0
2ox7,a,140,9591,0
2oxc,a,205,20706,0
2oze,a,284,39903,0
2ozn,a,133,8646,0
2p0n,a,157,12090,0
2p0s,a,128,8001,0
2p0t,a,147,10585,0
2p14,a,186,17020,0
2p3p,a,193,18336,0
2p3y,a,447,99235,0
2p4f,a,191,17955,0
2p51,a,255,32131,0
2p6v,a,89,3828,0
2p8i,a,114,6328,0
2p8q,b,39,703,0
2p9x,a,98,4656,0
2pbd,v,28,351,0
2pd0,a,200,19701,0
2pd1,a,99,4753,0
2pgg,a,765,291466,0
2ph7,a,213,22366,0
2php,a,177,15400,0
2pig,a,309,47278,0
2pma,a,129,8128,0
2pne,a,81,3160,0
2ppv,a,318,50086,0
2pqr,c,40,741,0
2prg,c,32,465,0
2psb,a,287,40755,0
2pu3,a,207,21115,0
2pv4,a,140,9591,0
2pw9,a,231,26335,0
2pww,a,112,6105,0
2py5,a,564,158203,0
2pyx,a,516,132355,0
2q01,a,479,114003,0
2q03,a,131,8385,0
2q0z,x,282,39340,0
2q12,a,231,26335,0
2q2f,a,69,2278,0
2q48,a,119,6903,0
2q4m,a,160,12561,0
2q4z,a,300,44551,0
2q5c,a,186,17020,0
2q6q,a,62,1830,0
2q7a,a,152,11325,0
2q82,a,108,5671,0
2qai,a,89,3828,0
2qdf,a,318,50086,0
2qdj,a,254,31878,0
2qdl,a,154,11628,0
2qe9,a,151,11175,0
2qf4,a,170,14196,0
2qfa,b,62,1830,0
2qgm,a,381,72010,0
2qhf,a,392,76245,0
2qho,b,47,1035,0
2qih,a,136,9045,0
2qjz,a,117,6670,0
2qkl,b,90,3916,0
2qm4,a,219,23653,0
2qng,a,167,13695,0
2qpx,a,366,66430,0
2qsb,a,82,3240,0
2qsf,a,486,117370,0
2qsw,a,89,3828,0
2qsx,a,178,15576,0
2qtd,a,101,4950,0
2qts,a,417,86320,0
2qup,a,119,6903,0
2qv3,a,447,99235,0
2qv8,a,143,10011,0
2qvg,a,126,7750,0
2qwu,a,199,19503,0
2qya,a,115,6441,0
2qyf,b,183,16471,0
2qzc,a,206,20910,0
2qzq,a,149,10878,0
2r0x,a,153,11476,0
2r2c,a,119,6903,0
2r2z,a,80,3081,0
2r31,a,236,27495,0
2r39,a,107,5565,0
2r3b,a,269,35778,0
2r4g,a,250,30876,0
2r78,a,113,6216,0
2r7g,a,336,55945,0
2ra9,a,126,7750,0
2rbb,a,126,7750,0
2rbd,a,154,11628,0
2rbg,a,123,7381,0
2rbk,a,261,33670,0
2rd7,a,328,53301,0
2rdc,a,130,8256,0
2reu,a,236,27495,0
2rh3,a,121,7140,0
2rhf,a,75,2701,0
2ril,a,90,3916,0
2rj2,a,185,16836,0
2rkv,a,442,97020,0
2rld,a,110,5886,0
2sak,a,121,7140,0
2uu8,a,237,27730,0
2uy1,a,438,95266,0
2uyt,a,479,114003,0
2v0p,a,215,22791,0
2v0x,a,192,18145,0
2v2p,a,170,14196,0
2v33,a,91,4005,0
2v3i,a,433,93096,0
2v6x,b,39,703,0
2v7q,j,43,861,0
2v7s,a,167,13695,0
2v84,a,319,50403,0
2v8f,a,138,9316,0
2v8q,a,102,5050,0
2v8t,a,302,45150,0
2v94,a,89,3828,0
2v9l,a,274,37128,0
2v9v,a,135,8911,0
2vak,a,409,83028,0
2vb1,a,129,8128,0
2vbj,a,152,11325,0
2vc8,a,72,2485,0
2vch,a,458,104196,0
2veq,a,520,134421,0
2vfo,a,555,153181,0
2vga,a,194,18528,0
2vh3,a,110,5886,0
2vkq,a,273,36856,0
2vla,a,277,37950,0
2vmh,a,147,10585,0
2vnl,a,147,10585,0
2vov,a,289,41328,0
2vpz,c,250,30876,0
2vqg,a,76,2775,0
2vqp,a,253,31626,0
2vve,a,252,31375,0
2vx8,a,136,9045,0
2vxn,a,249,30628,0
2vxt,i,156,11935,0
2vy1,a,163,13041,0
2vy8,a,149,10878,0
2vzc,a,127,7875,0
2w0g,a,129,8128,0
2w2n,e,49,1128,0
2w2r,a,177,15400,0
2w31,a,152,11325,0
2w39,a,298,43956,0
2w3y,a,267,35245,0
2w4s,a,86,3570,0
2w56,b,131,8385,0
2w6k,a,138,9316,0
2w7a,a,97,4560,0
2w8m,a,165,13366,0
2w91,a,635,200661,0
2w9x,a,312,48205,0
2wb0,x,314,48828,0
2wbn,a,177,15400,0
2wcr,a,147,10585,0
2we8,a,345,58996,0
2wfi,a,171,14365,0
2wh6,a,157,12090,0
2wh7,a,152,11325,0
2wj9,a,138,9316,0
2wjq,a,205,20706,0
2wkd,a,76,2775,0
2wlv,a,144,10153,0
2wnf,a,269,35778,0
2wnk,a,223,24531,0
2wny,a,137,9180,0
2woy,a,329,53628,0
2wpv,a,281,39060,0
2wpv,b,48,1081,0
2wqk,a,248,30381,0
2wsw,a,503,125751,0
2wtg,a,158,12246,0
2wtp,a,93,4186,0
2wvp,a,262,33930,0
2wvq,a,211,21945,0
2ww5,a,431,92235,0
2wwx,b,200,19701,0
2wy3,b,137,9180,0
2wzo,a,146,10440,0
2x3j,a,586,170820,0
2x3l,a,420,87571,0
2x3m,a,166,13530,0
2x46,a,141,9730,0
2x49,a,333,54946,0
2x55,a,272,36585,0
2x5h,a,91,4005,0
2x5n,a,189,17578,0
2x5q,a,183,16471,0
2x5y,a,171,14365,0
2xc8,a,118,6786,0
2xcm,c,92,4095,0
2xet,a,89,3828,0
2xfr,a,487,117855,0
2xgf,a,216,23005,0
2xgr,a,197,19110,0
2xhf,a,156,11935,0
2xjp,a,258,32896,0
2xlk,a,187,17205,0
2xn6,a,337,56280,0
2xoc,a,213,22366,0
2xod,a,118,6786,0
2xol,a,166,13530,0
2xom,a,145,10296,0
2xov,a,181,16110,0
2xpp,a,137,9180,0
2xrh,a,100,4851,0
2xsu,a,305,46056,0
2xu3,a,220,23871,0
2xw6,a,128,8001,0
2xz2,a,65,2016,0
2y69,l,46,990,0
2y69,m,43,861,0
2y7e,a,274,37128,0
2y7l,a,311,47895,0
2y8n,b,86,3570,0
2y8y,a,197,19110,0
2yev,c,63,1891,0
2yfv,c,60,1711,0
2ygn,a,140,9591,0
2yh5,a,121,7140,0
2yhg,a,411,83845,0
2yim,a,355,62481,0
2yjg,a,418,86736,0
2yjl,a,108,5671,0
2yk4,a,315,49141,0
2ykz,a,125,7626,0
2ymv,a,323,51681,0
2yvq,a,134,8778,0
2yvt,a,256,32385,0
2z0j,a,237,27730,0
2z0v,a,216,23005,0
2z1d,a,365,66066,0
2z3h,a,122,7260,0
2z3q,a,109,5778,0
2z5b,b,132,8515,0
2z5w,a,136,9045,0
2zc3,a,158,12246,0
2zca,a,154,11628,0
2zdj,a,67,2145,0
2zdo,a,107,5565,0
2zfd,b,116,6555,0
2zgy,a,320,50721,0
2zk9,x,185,16836,0
2znl,b,15,91,0
2znr,a,178,15576,0
2zou,a,135,8911,0
2zpt,x,288,41041,0
2zsi,b,60,1711,0
2zws,a,630,197506,0
2zxe,b,265,34716,0
2zxe,g,39,703,0
2zz8,a,230,26106,0
3a1f,a,163,13041,0
3a1g,a,69,2278,0
3a1j,b,259,33153,0
3a1p,b,85,3486,0
3a1q,c,45,946,0
3a35,a,184,16653,0
3a4r,a,74,2628,0
3a5p,a,103,5151,0
3a8g,a,195,18721,0
3a8g,b,212,22155,0
3a9s,a,589,172578,0
3aaf,a,109,5778,0
3acx,a,284,39903,0
3ady,a,102,5050,0
3aeh,a,277,37950,0
3aei,a,94,4278,0
3agk,a,345,58996,0
3agn,a,114,6328,0
3agy,a,176,15225,0
3ahn,a,564,158203,0
3aia,a,200,19701,0
3aji,b,73,2556,0
3aks,a,189,17578,0
3aon,a,180,15931,0
3aq2,a,191,17955,0
3aqb,a,134,8778,0
3aqe,a,74,2628,0
3awm,a,407,82215,0
3axj,b,235,27261,0
3ayh,a,129,8128,0
3ayj,a,684,232903,0
3b0g,a,538,143916,0
3b1d,a,387,74305,0
3b21,a,192,18145,0
3b4q,a,86,3570,0
3b5m,a,193,18336,0
3b5o,a,222,24310,0
3b77,a,185,16836,0
3b79,a,121,7140,0
3b9t,a,409,83028,0
3b9w,a,362,64980,0
3bam,a,206,20910,0
3bcy,a,145,10296,0
3be3,a,75,2701,0
3bed,a,121,7140,0
3bei,a,41,780,0
3bes,r,250,30876,0
3bf4,a,101,4950,0
3bfm,a,225,24976,0
3bgy,a,224,24753,0
3bhw,a,182,16290,0
3biy,a,317,49770,0
3bj4,a,37,630,0
3bjn,a,155,11781,0
3bjo,a,99,4753,0
3bjq,a,290,41616,0
3bl4,a,117,6670,0
3bmz,a,185,16836,0
3bn0,a,95,4371,0
3bn7,a,98,4656,0
3boe,a,209,21528,0
3bon,a,416,85905,0
3bow,c,65,2016,0
3bq9,a,446,98790,0
3bqw,a,347,59685,0
3brd,a,427,90525,0
3brv,a,39,703,0
3bs6,a,253,31626,0
3bt5,a,151,11175,0
3buu,a,218,23436,0
3bux,b,305,46056,0
3bvx,a,1016,514605,0
3bwh,a,244,29403,0
3bww,a,243,29161,0
3byq,a,183,16471,0
3byw,a,155,11781,0
3c00,b,83,3321,0
3c0d,a,106,5460,0
3c0t,a,201,19900,0
3c19,a,176,15225,0
3c2g,a,603,180901,0
3c38,a,217,23220,0
3c4n,a,357,63190,0
3c57,a,51,1225,0
3c5n,a,230,26106,0
3c5x,c,81,3160,0
3c7l,a,124,7503,0
3c9a,a,208,21321,0
3c9p,a,117,6670,0
3c9u,a,306,46360,0
3caw,a,316,49455,0
3cbn,a,142,9870,0
3ccd,a,85,3486,0
3ceu,a,193,18336,0
3cfu,a,141,9730,0
3cg6,a,131,8385,0
3chm,a,161,12720,0
3ci3,a,186,17020,0
3cim,a,94,4278,0
3cin,a,381,72010,0
3cjs,a,57,1540,0
3cjs,b,72,2485,0
3ck6,a,237,27730,0
3ckm,a,309,47278,0
3cl5,a,358,63546,0
3clq,a,400,79401,0
3clw,a,492,120295,0
3cmn,a,298,43956,0
3cqx,c,81,3160,0
3ctv,a,90,3916,0
3cuz,a,528,138601,0
3cww,a,953,452676,0
3cwx,a,122,7260,0
3cx5,b,352,61425,0
3cx5,c,385,73536,0
3cx5,g,126,7750,0
3cx5,h,93,4186,0
3cx5,i,57,1540,0
3d06,a,179,15753,0
3d0j,a,132,8515,0
3d1p,a,118,6786,0
3d34,a,211,21945,0
3d3b,j,82,3240,0
3d5p,a,130,8256,0
3d6i,a,109,5778,0
3d7j,a,130,8256,0
3d9x,a,114,6328,0
3da5,a,120,7021,0
3dby,a,257,32640,0
3dee,a,193,18336,0
3dgp,a,62,1830,0
3dgp,b,63,1891,0
3dha,a,254,31878,0
3dhi,b,306,46360,0
3dk9,a,462,106030,0
3dkm,a,79,3003,0
3dlu,a,95,4371,0
3dmw,a,29,378,0
3dmy,a,437,94830,0
3dns,a,125,7626,0
3dsi,a,466,107880,0
3dtd,a,142,9870,0
3dwc,a,499,123753,0
3dxr,a,69,2278,0
3e0z,a,103,5151,0
3e1r,a,46,990,0
3e3x,a,267,35245,0
3e4g,a,175,15051,0
3e59,a,311,47895,0
3e5a,b,33,496,0
3e6q,a,119,6903,0
3e8t,a,216,23005,0
3e9f,a,99,4753,0
3ea6,a,215,22791,0
3ec3,a,226,25200,0
3ega,a,214,22578,0
3egw,b,509,128778,0
3egw,c,224,24753,0
3ein,a,207,21115,0
3eki,a,365,66066,0
3emi,a,110,5886,0
3eo6,a,100,4851,0
3eoi,a,123,7381,0
3eoj,a,358,63546,0
3esl,a,195,18721,0
3esm,a,137,9180,0
3eto,a,232,26565,0
3etv,a,315,49141,0
3evy,a,83,3321,0
3eye,a,153,11476,0
3f0d,a,155,11781,0
3f14,a,108,5671,0
3f1l,a,245,29646,0
3f2e,a,82,3240,0
3f42,a,86,3570,0
3f5h,a,54,1378,0
3f5r,a,110,5886,0
3f6g,a,121,7140,0
3f6y,a,225,24976,0
3f8t,a,459,104653,0
3f95,a,172,14535,0
3fau,a,71,2415,0
3fcn,a,153,11476,0
3fd3,a,202,20100,0
3fde,a,209,21528,0
3ffd,p,18,136,0
3ffy,a,110,5886,0
3fgr,a,180,15931,0
3fgr,b,343,58311,0
3fhd,a,456,103285,0
3fid,a,296,43365,0
3fil,a,55,1431,0
3fke,a,123,7381,0
3fn2,a,94,4278,0
3fo8,d,274,37128,0
3fot,a,504,126253,0
3fqm,a,160,12561,0
3fso,a,109,5778,0
3fss,a,218,23436,0
3ft1,a,100,4851,0
3fuy,a,153,11476,0
3fwk,a,287,40755,0
3fxh,a,108,5671,0
3fym,a,82,3240,0
3fyr,a,36,595,0
3fze,a,185,16836,0
3fzx,a,201,19900,0
3g0m,a,138,9316,0
3g21,a,77,2850,0
3g27,a,80,3081,0
3g36,a,51,1225,0
3g4z,a,117,6670,0
3g68,a,333,54946,0
3g6i,a,197,19110,0
3g74,a,81,3160,0
3g7r,a,182,16290,0
3gae,a,253,31626,0
3gbw,a,159,12403,0
3ge3,a,491,119805,0
3gf6,a,214,22578,0
3gg7,a,242,28920,0
3ggy,a,186,17020,0
3gi7,a,101,4950,0
3giu,a,209,21528,0
3gmx,a,154,11628,0
3gna,a,68,2211,0
3gne,a,243,29161,0
3gnf,b,365,66066,0
3gnz,p,211,21945,0
3gp6,a,154,11628,0
3gqh,a,163,13041,0
3gqx,a,114,6328,0
3gs2,a,109,5778,0
3gs9,a,300,44551,0
3gv0,a,262,33930,0
3gwi,a,164,13203,0
3gxv,a,122,7260,0
3gzh,a,456,103285,0
3h09,a,961,460320,0
3h0n,a,182,16290,0
3h2s,a,211,21945,0
3h35,a,142,9870,0
3h36,a,76,2775,0
3h3i,a,133,8646,0
3h4t,a,390,75466,0
3h6q,a,168,13861,0
3h7h,a,117,6670,0
3h7h,b,95,4371,0
3h8d,a,120,7021,0
3h9p,a,221,24090,0
3ha4,a,127,7875,0
3hbm,a,278,38226,0
3hc7,a,252,31375,0
3hf5,a,107,5565,0
3hg3,a,395,77421,0
3hl1,a,282,39340,0
3hlx,a,254,31878,0
3hm4,a,147,10585,0
3hms,a,91,4005,0
3hn5,a,199,19503,0
3hrg,a,247,30135,0
3hrq,a,317,49770,0
3hrz,b,233,26796,0
3hsy,a,354,62128,0
3htk,b,73,2556,0
3hug,b,62,1830,0
3hxl,a,411,83845,0
3hy0,a,441,96580,0
3hzp,a,123,7381,0
3hzs,a,209,21528,0
3i10,a,272,36585,0
3i7m,a,130,8256,0
3i94,a,243,29161,0
3i9y,a,229,25878,0
3ib5,a,337,56280,0
3icu,a,171,14365,0
3id1,a,94,4278,0
3iec,e,14,78,0
3iee,a,247,30135,0
3iez,a,94,4278,0
3ifn,p,6,10,0
3ifu,a,175,15051,0
3ig5,a,671,224115,0
3igz,b,549,149878,0
3iii,a,543,146611,0
3ilr,a,364,65703,0
3ilw,a,464,106953,0
3im4,c,27,325,0
3im6,a,175,15051,0
3imh,a,331,54285,0
3ip0,a,158,12246,0
3ip4,c,92,4095,0
3ipj,a,95,4371,0
3iqu,a,230,26106,0
3is6,a,228,25651,0
3it4,a,193,18336,0
3iu0,a,354,62128,0
3iuu,a,482,115440,0
3ix3,a,163,13041,0
3jq0,a,463,106491,0
3jqh,a,23,231,0
3jrt,a,163,13041,0
3jrv,a,137,9180,0
3jsy,a,213,22366,0
3jtn,a,89,3828,0
3jtz,a,77,2850,0
3jud,a,144,10153,0
3jvo,a,92,4095,0
3jyb,a,135,8911,0
3k0y,a,195,18721,0
3k29,a,157,12090,0
3k3c,a,150,11026,0
3k3f,a,330,53956,0
3k5j,a,176,15225,0
3k63,a,118,6786,0
3k6i,a,99,4753,0
3k8g,a,251,31125,0
3kby,a,135,8911,0
3kd4,a,497,122760,0
3kde,c,74,2628,0
3kev,a,182,16290,0
3kf6,b,105,5356,0
3kf8,b,120,7021,0
3kfo,a,212,22155,0
3kk4,a,119,6903,0
3kkf,a,99,4753,0
3klq,a,136,9045,0
3klu,a,118,6786,0
3kly,a,256,32385,0
3km5,a,179,15753,0
3kmi,a,168,13861,0
3knd,b,16,105,0
3kog,a,224,24753,0
3kq5,a,360,64261,0
3kra,b,259,33153,0
3ksk,a,313,48516,0
3kwl,a,487,117855,0
3kyz,a,110,5886,0
3kzt,a,129,8128,0
3l1e,a,105,5356,0
3l46,a,90,3916,0
3l51,b,163,13041,0
3l6i,a,164,13203,0
3l81,a,250,30876,0
3l8w,a,295,43071,0
3l9a,x,80,3081,0
3laa,a,169,14028,0
3lax,a,104,5253,0
3lb2,a,137,9180,0
3ld1,a,359,63903,0
3lec,a,218,23436,0
3lfk,a,120,7021,0
3lg3,a,409,83028,0
3lhe,a,120,7021,0
3lhi,a,227,25425,0
3lhn,a,106,5460,0
3lid,a,279,38503,0
3ljb,a,219,23653,0
3lkb,a,382,72390,0
3lkm,a,247,30135,0
3llx,a,365,66066,0
3lm3,a,422,88410,0
3lmn,a,132,8515,0
3lti,a,267,35245,0
3luu,a,87,3655,0
3lw3,a,121,7140,0
3lw6,a,241,28680,0
3lwt,x,456,103285,0
3lwx,a,195,18721,0
3lxr,f,181,16110,0
3m1t,a,260,33411,0
3m31,a,357,63190,0
3m3p,a,239,28203,0
3m4w,e,42,820,0
3m5q,a,357,63190,0
3m6j,a,130,8256,0
3m73,a,313,48516,0
3m7a,a,134,8778,0
3mc3,a,100,4851,0
3mcw,a,192,18145,0
3mdo,a,352,61425,0
3me7,a,169,14028,0
3mfn,a,123,7381,0
3mhs,b,91,4005,0
3mi9,c,49,1128,0
3mjf,a,417,86320,0
3mln,a,206,20910,0
3mmg,a,217,23220,0
3mmh,a,167,13695,0
3mml,a,285,40186,0
3mmy,b,51,1225,0
3mn7,s,20,171,0
3moz,a,314,48828,0
3mqd,a,407,82215,0
3mqz,a,201,19900,0
3mud,a,171,14365,0
3mxn,a,151,11175,0
3mxz,a,105,5356,0
3my2,a,124,7503,0
3myi,a,163,13041,0
3n1e,a,140,9591,0
3n40,p,401,79800,0
3n4p,a,216,23005,0
3n5b,b,86,3570,0
3n6y,a,120,7021,0
3n6z,a,334,55278,0
3n72,a,143,10011,0
3n8b,a,72,2485,0
3nce,a,186,17020,0
3ndh,a,209,21528,0
3nek,a,215,22791,0
3nfi,a,215,22791,0
3nft,a,262,33930,0
3ngg,a,46,990,0
3ni0,a,95,4371,0
3nir,a,46,990,0
3njc,a,138,9316,0
3njn,a,114,6328,0
3nke,a,182,16290,0
3nkg,a,167,13695,0
3no0,a,276,37675,0
3no7,a,60,1711,0
3nph,b,131,8385,0
3nqi,a,230,26106,0
3nr5,a,156,11935,0
3nrh,a,152,11325,0
3nrl,a,67,2145,0
3nrw,a,102,5050,0
3nrx,a,123,7381,0
3nsw,a,102,5050,0
3ntl,a,388,74691,0
3nuf,a,114,6328,0
3nuq,a,268,35511,0
3nvs,a,426,90100,0
3nvw,b,334,55278,0
3nvx,a,379,71253,0
3nws,a,195,18721,0
3nym,a,112,6105,0
3nz3,a,100,4851,0
3o0y,a,585,170236,0
3o12,a,182,16290,0
3o2r,a,144,10153,0
3o4p,a,312,48205,0
3o6q,a,141,9730,0
3oc8,a,134,8778,0
3og6,a,143,10011,0
3ohe,a,130,8256,0
3ohg,a,276,37675,0
3ohr,a,274,37128,0
3okg,a,390,75466,0
3okx,a,155,11781,0
3omd,a,136,9045,0
3on9,a,160,12561,0
3onh,a,113,6216,0
3oqg,a,169,14028,0
3oqq,a,402,80200,0
3oru,a,224,24753,0
3os4,a,387,74305,0
3otd,a,240,28441,0
3ov9,a,245,29646,0
3oxp,a,145,10296,0
3oyv,a,350,60726,0
3oyy,a,184,16653,0
3p06,a,189,17578,0
3p0k,a,258,32896,0
3p1g,a,157,12090,0
3p4h,a,117,6670,0
3p6z,c,7,15,0
3p8a,a,245,29646,0
3p8c,b,1086,588070,0
3p8c,f,155,11781,0
3pd7,a,94,4278,0
3pg0,a,140,9591,0
3pg7,a,256,32385,0
3pjv,d,125,7626,0
3pkz,a,124,7503,0
3pl0,a,246,29890,0
3plw,a,110,5886,0
3pms,a,312,48205,0
3poj,a,113,6216,0
3pow,a,251,31125,0
3pr6,a,143,10011,0
3pro,c,150,11026,0
3ps0,a,291,41905,0
3pt1,a,456,103285,0
3pty,a,284,39903,0
3put,a,148,10731,0
3pvh,a,153,11476,0
3pvt,a,302,45150,0
3q1c,a,351,61075,0
3q23,a,1095,597871,0
3q3w,a,176,15225,0
3q46,a,178,15576,0
3q8d,a,231,26335,0
3qc7,a,164,13203,0
3qf2,a,90,3916,0
3qfl,a,108,5671,0
3qhe,b,10,36,0
3qhq,a,222,24310,0
3qij,a,270,36046,0
3ql9,a,125,7626,0
3qpa,a,196,18915,0
3qth,a,166,13530,0
3qtm,a,325,52326,0
3qu3,a,122,7260,0
3qve,a,128,8001,0
3qvg,b,104,5253,0
3qwm,a,127,7875,0
3qzb,a,131,8385,0
3qzm,a,124,7503,0
3qzr,a,180,15931,0
3r15,a,78,2926,0
3r2q,a,201,19900,0
3r72,a,122,7260,0
3r87,a,132,8515,0
3r8j,a,180,15931,0
3r90,a,185,16836,0
3r9z,a,154,11628,0
3ray,a,159,12403,0
3rby,a,244,29403,0
3rhg,a,362,64980,0
3rip,a,568,160461,0
3rj2,x,133,8646,0
3rjo,a,408,82621,0
3rkg,a,258,32896,0
3rlb,a,176,15225,0
3rlf,f,490,119316,0
3rmh,a,127,7875,0
3rnm,e,51,1225,0
3rnv,a,123,7381,0
3rof,a,153,11476,0
3rpd,a,340,57291,0
3rpj,a,123,7381,0
3rq9,a,78,2926,0
3rt3,c,94,4278,0
3rwn,a,155,11781,0
3rwx,a,227,25425,0
3rx6,a,187,17205,0
3rx9,a,129,8128,0
3rzn,a,206,20910,0
3s25,a,292,42195,0
3s2j,a,393,76636,0
3s2r,a,64,1953,0
3s30,a,250,30876,0
3s44,a,388,74691,0
3s6e,a,110,5886,0
3s6p,a,529,139128,0
3s6p,e,33,496,0
3s83,a,247,30135,0
3s9j,a,353,61776,0
3s9x,a,151,11175,0
3sb1,a,119,6903,0
3sbm,a,281,39060,0
3sc7,x,493,120786,0
3sgg,a,501,124750,0
3shg,b,61,1770,0
3shp,a,164,13203,0
3sjh,b,22,210,0
3sjm,a,55,1431,0
3sk2,a,129,8128,0
3sk7,a,111,5995,0
3skq,a,227,25425,0
3so6,a,137,9180,0
3soj,a,114,6328,0
3spe,a,247,30135,0
3sqz,a,388,74691,0
3su6,a,199,19503,0
3sum,a,135,8911,0
3sxm,a,137,9180,0
3sxu,b,102,5050,0
3sz8,a,263,34191,0
3szv,a,352,61425,0
3t0y,b,32,465,0
3t2c,a,389,75078,0
3t47,a,71,2415,0
3t4l,a,266,34980,0
3t4r,a,70,2346,0
3t5n,a,282,39340,0
3t6q,c,139,9453,0
3t7h,a,277,37950,0
3t7i,a,234,27028,0
3t7l,a,74,2628,0
3t7z,a,119,6903,0
3t92,a,113,6216,0
3t9o,a,108,5671,0
3tdq,a,83,3321,0
3tdu,c,75,2701,0
3te8,a,115,6441,0
3tek,a,139,9453,0
3teu,a,98,4656,0
3tfj,a,369,67528,0
3thg,a,99,4753,0
3tj8,a,149,10878,0
3tjm,a,275,37401,0
3tjy,a,74,2628,0
3tl4,x,183,16471,0
3tlq,a,236,27495,0
3tow,a,152,11325,0
3tpm,b,14,78,0
3tqm,a,87,3655,0
3ts3,a,203,20301,0
3ts9,a,128,8001,0
3tuo,a,104,5253,0
3tv0,a,143,10011,0
3tvj,a,83,3321,0
3tvq,a,152,11325,0
3tvt,b,14,78,0
3tx3,a,227,25425,0
3ty1,a,378,70876,0
3u02,a,235,27261,0
3u0a,a,256,32385,0
3u0c,a,151,11175,0
3u1u,a,127,7875,0
3u21,a,103,5151,0
3u28,c,92,4095,0
3u2a,a,111,5995,0
3u2g,a,269,35778,0
3u4v,a,115,6441,0
3u6g,a,123,7381,0
3u7i,a,210,21736,0
3u8v,a,83,3321,0
3u97,a,73,2556,0
3u9r,b,536,142845,0
3u9w,a,608,183921,0
3uaf,a,117,6670,0
3uah,a,312,48205,0
3ub6,a,163,13041,0
3uby,a,204,20503,0
3uc2,a,119,6903,0
3ud1,a,322,51360,0
3ufe,a,108,5671,0
3uh8,a,117,6670,0
3ui4,a,96,4465,0
3uid,a,163,13041,0
3uip,d,60,1711,0
3ulj,a,87,3655,0
3ult,a,114,6328,0
3up3,a,242,28920,0
3uqc,a,246,29890,0
3urg,a,123,7381,0
3us6,a,148,10731,0
3ush,a,113,6216,0
3ut4,a,128,8001,0
3utm,c,32,465,0
3uw3,a,372,68635,0
3ux2,a,119,6903,0
3uxj,a,257,32640,0
3v1a,a,46,990,0
3v42,a,196,18915,0
3v46,a,160,12561,0
3v6t,a,491,119805,0
3v7b,a,142,9870,0
3v7n,a,464,106953,0
3v96,a,164,13203,0
3v9r,a,86,3570,0
3vbc,a,136,9045,0
3vg8,a,103,5151,0
3vgi,a,270,36046,0
3vgp,a,157,12090,0
3vhj,a,160,12561,0
3vjf,a,92,4095,0
3vla,a,412,84255,0
3vld,a,449,100128,0
3vn5,a,255,32131,0
3vor,a,182,16290,0
3vqj,a,213,22366,0
3vr0,a,244,29403,0
3vtg,a,200,19701,0
3vu9,a,215,22791,0
3vu9,b,191,17955,0
3vup,a,351,61075,0
3vvv,a,108,5671,0
3vwc,a,146,10440,0
3vz6,a,193,18336,0
3vz9,d,60,1711,0
3vzh,a,192,18145,0
3w06,a,267,35245,0
3w0p,a,295,43071,0
3w15,b,72,2485,0
3w1o,a,115,6441,0
3w3w,b,12,55,0
3w42,a,199,19503,0
3w4t,a,446,98790,0
3wa0,g,11,45,0
3wa2,x,620,191271,0
3wdn,a,125,7626,0
3web,a,132,8515,0
3wfd,b,449,100128,0
3wgx,a,109,5778,0
3wh1,a,203,20301,0
3whj,a,111,5995,0
3wi3,a,215,22791,0
3wli,a,602,180300,0
3wmt,a,503,125751,0
3wmv,a,149,10878,0
3wo6,a,212,22155,0
3woe,a,130,8256,0
3woz,a,219,23653,0
3wqb,b,99,4753,0
3wtt,b,131,8385,0
3wur,a,162,12880,0
3wva,a,163,13041,0
3wvz,a,188,17391,0
3ww3,a,240,28441,0
3wwc,a,335,55611,0
3wyg,d,20,171,0
3wz3,a,130,8256,0
3wzs,a,143,10011,0
3x0f,a,87,3655,0
3x0i,a,159,12403,0
3x0t,a,112,6105,0
3x1l,b,319,50403,0
3x1l,c,322,51360,0
3x1l,h,297,43660,0
3x2m,a,180,15931,0
3x34,a,87,3655,0
3x37,a,111,5995,0
3x38,a,78,2926,0
3zbo,a,235,27261,0
3zbq,a,315,49141,0
3zdb,a,246,29890,0
3ze3,a,116,6555,0
3zf8,a,288,41041,0
3zgh,a,177,15400,0
3zh5,a,132,8515,0
3zig,a,81,3160,0
3zil,a,362,64980,0
3zje,a,328,53301,0
3zn6,a,221,24090,0
3znv,a,269,35778,0
3zoj,a,263,34191,0
3zr8,x,65,2016,0
3zrg,a,66,2080,0
3zrx,a,111,5995,0
3zsj,a,138,9316,0
3zth,a,339,56953,0
3zuc,a,153,11476,0
3zxc,a,71,2415,0
3zy7,a,116,6555,0
3zzo,a,93,4186,0
3zzp,a,74,2628,0
4a1s,c,30,406,0
4a2b,a,386,73920,0
4a56,a,93,4186,0
4a5z,a,152,11325,0
4a6q,a,137,9180,0
4a7u,a,153,11476,0
4a8j,a,268,35511,0
4a8j,b,216,23005,0
4a8j,c,260,33411,0
4a8x,b,27,325,0
4abm,a,79,3003,0
4acj,a,167,13695,0
4adi,a,425,89676,0
4adn,a,213,22366,0
4ae2,a,212,22155,0
4ae7,a,186,17020,0
4afm,a,125,7626,0
4agh,a,80,3081,0
4ak2,a,286,40470,0
4akk,a,368,67161,0
4al0,a,146,10440,0
4ann,a,176,15225,0
4aqo,a,86,3570,0
4aqr,d,57,1540,0
4ate,a,255,32131,0
4au1,a,208,21321,0
4avm,a,230,26106,0
4axo,a,126,7750,0
4ayo,a,434,93528,0
4az3,a,258,32896,0
4b0t,a,470,109746,0
4b0z,a,222,24310,0
4b2f,a,203,20301,0
4b5o,a,191,17955,0
4b89,a,230,26106,0
4b9g,a,146,10440,0
4bc3,a,513,130816,0
4be6,a,225,24976,0
4bfo,a,106,5460,0
4bgb,a,316,49455,0
4bgc,a,101,4950,0
4bhr,a,81,3160,0
4bji,a,191,17955,0
4bk0,a,92,4095,0
4bk7,a,159,12403,0
4boe,a,154,11628,0
4bpf,a,85,3486,0
4bq6,d,148,10731,0
4bqn,a,311,47895,0
4brc,a,360,64261,0
4bt7,a,236,27495,0
4bwq,b,23,231,0
4byz,a,192,18145,0
4bza,a,245,29646,0
4c0g,a,88,3741,0
4c2v,c,41,780,0
4c69,x,283,39621,0
4c6a,a,151,11175,0
4c9s,a,259,33153,0
4ca1,a,189,17578,0
4cad,c,251,31125,0
4cay,b,92,4095,0
4cbe,a,209,21528,0
4ccs,a,226,25200,0
4cdp,a,331,54285,0
4cfi,a,258,32896,0
4cfq,q,27,325,0
4cfr,a,94,4278,0
4cgo,a,411,83845,0
4cgs,a,166,13530,0
4cgu,b,80,3081,0
4chi,a,320,50721,0
4cih,a,144,10153,0
4cij,a,267,35245,0
4cj0,a,534,141778,0
4cj0,b,60,1711,0
4clq,b,54,1378,0
4cng,a,156,11935,0
4cnn,a,245,29646,0
4co6,a,315,49141,0
4co8,a,98,4656,0
4cpc,a,143,10011,0
4cru,a,242,28920,0
4cs4,a,268,35511,0
4ct0,b,83,3321,0
4cv7,a,111,5995,0
4cxf,b,29,378,0
4czx,b,103,5151,0
4d5t,a,151,11175,0
4d6g,a,587,171405,0
4d7j,a,362,64980,0
4d8b,a,254,31878,0
4da2,a,230,26106,0
4ddp,a,195,18721,0
4dey,b,29,378,0
4dhx,a,72,2485,0
4did,b,127,7875,0
4dja,a,509,128778,0
4djb,a,112,6105,0
4dk2,a,260,33411,0
4dkc,a,161,12720,0
4dkk,a,106,5460,0
4dlh,a,177,15400,0
4dm5,a,85,3486,0
4dmi,a,167,13695,0
4dnh,a,375,69751,0
4dny,a,109,5778,0
4dqa,a,340,57291,0
4dqj,a,137,9180,0
4dqz,a,171,14365,0
4dt5,a,143,10011,0
4dth,a,354,62128,0
4dv8,a,512,130305,0
4dwr,a,483,115921,0
4dyl,a,375,69751,0
4dzo,a,116,6555,0
4e0g,a,319,50403,0
4e1o,a,476,112575,0
4e29,a,228,25651,0
4e3y,a,240,28441,0
4e40,a,245,29646,0
4e45,e,105,5356,0
4e4r,a,322,51360,0
4e6f,a,166,13530,0
4e6s,a,85,3486,0
4e72,a,215,22791,0
4ea9,a,207,21115,0
4ead,a,440,96141,0
4eae,a,182,16290,0
4eai,b,51,1225,0
4ebg,a,93,4186,0
4ec6,a,108,5671,0
4ee6,a,280,38781,0
4efp,a,234,27028,0
4egd,a,221,24090,0
4egu,a,118,6786,0
4ehs,a,122,7260,0
4ehx,a,315,49141,0
4eic,a,93,4186,0
4eiv,a,255,32131,0
4ekf,a,191,17955,0
4emo,a,102,5050,0
4ene,a,444,97903,0
4eo0,a,106,5460,0
4ep4,a,166,13530,0
4epz,a,149,10878,0
4eqa,c,150,11026,0
4eqp,a,129,8128,0
4eqq,a,102,5050,0
4err,a,82,3240,0
4es1,a,91,4005,0
4es8,a,302,45150,0
4esm,a,276,37675,0
4ev1,a,226,25200,0
4evu,a,62,1830,0
4ew5,a,101,4950,0
4f0q,a,452,101475,0
4f1v,a,372,68635,0
4f2d,a,475,112101,0
4f2f,a,99,4753,0
4f2l,a,59,1653,0
4f55,a,128,8001,0
4f8l,a,138,9316,0
4f98,a,60,1711,0
4fbj,a,250,30876,0
4fbs,a,119,6903,0
4fbw,c,21,190,0
4fc8,a,133,8646,0
4fch,a,213,22366,0
4fek,a,249,30628,0
4fgq,a,181,16110,0
4fhg,a,340,57291,0
4fhr,b,208,21321,0
4fib,a,117,6670,0
4flb,a,131,8385,0
4fmr,a,228,25651,0
4fp5,d,98,4656,0
4fpq,a,130,8256,0
4fr9,a,131,8385,0
4ftd,a,433,93096,0
4ftf,a,109,5778,0
4ftx,a,158,12246,0
4fwv,a,336,55945,0
4fxw,b,97,4560,0
4fzl,a,239,28203,0
4fzp,a,79,3003,0
4g08,a,140,9591,0
4g0x,a,142,9870,0
4g2a,a,314,48828,0
4g2s,a,106,5460,0
4g4k,a,98,4656,0
4g4s,p,190,17766,0
4g59,a,162,12880,0
4g6t,a,125,7626,0
4g6u,a,205,20706,0
4g7v,s,136,9045,0
4g7x,a,92,4095,0
4g92,a,61,1770,0
4g9s,a,185,16836,0
4g9s,b,111,5995,0
4ga2,a,144,10153,0
4gc3,a,263,34191,0
4gc5,a,313,48516,0
4gdz,a,147,10585,0
4geh,a,198,19306,0
4gf3,a,123,7381,0
4gf3,b,28,351,0
4ghb,a,252,31375,0
4gip,a,81,3160,0
4gj4,a,113,6216,0
4gjz,a,228,25651,0
4gkf,a,146,10440,0
4gmq,a,92,4095,0
4gmu,a,610,185136,0
4gn5,a,113,6216,0
4gnr,a,347,59685,0
4gof,a,52,1275,0
4gqz,a,152,11325,0
4gs3,a,90,3916,0
4gt9,a,213,22366,0
4guc,a,114,6328,0
4gvb,a,77,2850,0
4gvq,a,315,49141,0
4gwb,a,163,13041,0
4gyt,a,177,15400,0
4gzc,a,132,8515,0
4h3t,a,512,130305,0
4h3w,a,279,38503,0
4h4d,a,309,47278,0
4h6c,a,180,15931,0
4h7w,a,187,17205,0
4hat,c,1015,513591,0
4he6,a,89,3828,0
4hfs,a,200,19701,0
4hhx,a,98,4656,0
4hi0,b,255,32131,0
4hi6,a,138,9316,0
4hiz,a,658,215496,0
4hji,a,152,11325,0
4hm8,b,192,18145,0
4hn7,a,85,3486,0
4hno,a,285,40186,0
4hpm,a,118,6786,0
4hro,a,84,3403,0
4hs2,a,64,1953,0
4hsp,a,146,10440,0
4hsu,b,12,55,0
4htg,a,302,45150,0
4hwc,a,86,3570,0
4hwm,a,113,6216,0
4hwv,a,498,123256,0
4hy4,a,92,4095,0
4hz9,b,123,7381,0
4i0o,a,459,104653,0
4i0w,a,92,4095,0
4i1f,a,306,46360,0
4i66,a,195,18721,0
4i8h,a,223,24531,0
4i90,a,302,45150,0
4ia6,a,579,166753,0
4iau,a,158,12246,0
4ige,a,284,39903,0
4ij7,a,172,14535,0
4ikb,a,127,7875,0
4il7,a,85,3486,0
4ind,a,377,70500,0
4inw,a,140,9591,0
4ioy,x,243,29161,0
4ipu,a,136,9045,0
4iqn,a,211,21945,0
4iqz,a,175,15051,0
4irv,a,195,18721,0
4irv,e,19,153,0
4ium,a,127,7875,0
4ius,a,253,31626,0
4ixj,a,224,24753,0
4j32,a,157,12090,0
4j32,b,101,4950,0
4j3h,a,40,741,0
4j42,a,80,3081,0
4j5r,a,141,9730,0
4j7b,c,49,1128,0
4j7h,a,446,98790,0
4j7o,a,329,53628,0
4j8s,a,180,15931,0
4j9y,b,89,3828,0
4jbu,a,276,37675,0
4jde,a,144,10153,0
4je3,a,242,28920,0
4jf3,a,90,3916,0
4jf8,a,144,10153,0
4jg2,a,173,14706,0
4jg9,a,135,8911,0
4jgl,a,145,10296,0
4jhc,a,192,18145,0
4jht,a,201,19900,0
4jja,a,340,57291,0
4jk8,a,220,23871,0
4jle,a,149,10878,0
4jm1,a,82,3240,0
4jpp,a,127,7875,0
4jqf,a,168,13861,0
4jwj,a,193,18336,0
4jz8,a,316,49455,0
4k12,b,82,3240,0
4k4k,a,253,31626,0
4k59,a,66,2080,0
4k70,a,479,114003,0
4k8g,a,385,73536,0
4kdw,a,102,5050,0
4ke2,a,195,18721,0
4kef,a,133,8646,0
4kg0,a,154,11628,0
4kg3,a,138,9316,0
4kgd,a,586,170820,0
4kh8,a,307,46665,0
4khb,a,113,6216,0
4kk7,a,385,73536,0
4kl0,a,350,60726,0
4km6,a,204,20503,0
4kp1,a,410,83436,0
4kp3,c,81,3160,0
4kp3,e,14,78,0
4kqp,a,230,26106,0
4krd,b,190,17766,0
4krr,a,194,18528,0
4ks9,a,392,76245,0
4ksn,a,64,1953,0
4kt6,a,254,31878,0
4kt6,b,161,12720,0
4ku0,a,92,4095,0
4ku0,d,96,4465,0
4kui,a,201,19900,0
4l0j,a,210,21736,0
4l57,a,192,18145,0
4l5e,a,46,990,0
4l8j,a,323,51681,0
4l8p,a,161,12720,0
4l9b,a,369,67528,0
4l9p,a,335,55611,0
4l9p,b,452,101475,0
4l9u,a,49,1128,0
4lb8,a,265,34716,0
4ld1,a,157,12090,0
4ld3,b,16,105,0
4ldv,a,322,51360,0
4lf0,a,340,57291,0
4lg3,a,177,15400,0
4lgj,a,256,32385,0
4lgy,a,1275,810901,0
4lh6,a,322,51360,0
4lhs,a,329,53628,0
4lix,a,677,228150,0
4lo6,b,421,87990,0
4lqe,a,148,10731,0
4lqz,a,121,7140,0
4lr4,a,339,56953,0
4lun,u,311,47895,0
4lup,a,91,4005,0
4luq,c,123,7381,0
4lvn,p,81,3160,0
4lx2,a,361,64620,0
4lzk,a,157,12090,0
4lzx,b,37,630,0
4m0m,a,708,249571,0
4m0n,a,212,22155,0
4m0q,a,222,24310,0
4m1x,a,73,2556,0
4m3l,a,57,1540,0
4m3z,a,901,404550,0
4m51,a,402,80200,0
4m5b,a,214,22578,0
4m6b,c,23,231,0
4m91,a,153,11476,0
4m9v,c,59,1653,0
4mak,a,73,2556,0
4mcj,a,142,9870,0
4mda,a,200,19701,0
4me2,a,194,18528,0
4mej,a,167,13695,0
4mfz,a,319,50403,0
4mhc,a,671,224115,0
4mjk,a,235,27261,0
4mko,a,236,27495,0
4mms,a,81,3160,0
4mn4,c,159,12403,0
4mno,a,95,4371,0
4mrt,a,225,24976,0
4mt2,a,61,1770,0
4mtu,a,143,10011,0
4mu6,a,273,36856,0
4mve,a,141,9730,0
4mxt,a,182,16290,0
4myk,a,288,41041,0
4myy,a,77,2850,0
4mzc,a,106,5460,0
4n0h,b,285,40186,0
4n13,a,253,31626,0
4n2p,a,139,9453,0
4n2x,a,298,43956,0
4n3x,a,49,1128,0
4n6q,a,178,15576,0
4nbi,a,163,13041,0
4nbp,a,129,8128,0
4ncd,a,211,21945,0
4ndo,a,245,29646,0
4nds,a,94,4278,0
4nes,a,356,62835,0
4nex,a,157,12090,0
4ng0,a,97,4560,0
4ng2,e,94,4278,0
4ni6,a,138,9316,0
4nkp,a,135,8911,0
4nlm,a,321,51040,0
4nno,a,278,38226,0
4nof,a,111,5995,0
4noo,b,92,4095,0
4npd,a,58,1596,0
4ntq,a,75,2701,0
4ntq,b,142,9870,0
4nut,b,27,325,0
4nyq,a,153,11476,0
4nzg,a,93,4186,0
4nzk,a,298,43956,0
4nzr,m,391,75855,0
4o06,a,102,5050,0
4o0a,a,120,7021,0
4o2h,a,135,8911,0
4o2t,a,161,12720,0
4o6u,a,182,16290,0
4o6y,a,210,21736,0
4o7j,a,157,12090,0
4o7k,a,188,17391,0
4o87,a,317,49770,0
4oa3,a,141,9730,0
4oe9,a,113,6216,0
4ohj,a,194,18528,0
4oi4,b,25,276,0
4oju,a,140,9591,0
4ojx,a,363,65341,0
4okv,e,65,2016,0
4oog,a,109,5778,0
4ooj,a,604,181503,0
4opw,a,238,27966,0
4oq2,a,286,40470,0
4oq9,a,144,10153,0
4oqp,a,254,31878,0
4osn,a,110,5886,0
4otn,a,123,7381,0
4ouh,a,146,10440,0
4owf,a,83,3321,0
4owt,a,450,100576,0
4owt,c,39,703,0
4ozk,a,49,1128,0
4p04,a,567,159895,0
4p17,a,288,41041,0
4p1n,c,47,1035,0
4p3f,a,193,18336,0
4p3h,a,190,17766,0
4p40,a,285,40186,0
4p79,a,170,14196,0
4p7x,a,280,38781,0
4pas,b,39,703,0
4pc0,c,20,171,0
4pd6,a,401,79800,0
4pdc,e,149,10878,0
4pdn,a,139,9453,0
4pf3,a,249,30628,0
4pfo,a,754,283128,0
4pgr,a,207,21115,0
4pho,a,292,42195,0
4phr,a,272,36585,0
4pj2,a,121,7140,0
4pkf,b,69,2278,0
4pkm,a,305,46056,0
4pmo,a,211,21945,0
4pno,a,64,1953,0
4ppu,a,245,29646,0
4pqd,a,105,5356,0
4pqz,a,136,9045,0
4ps6,a,126,7750,0
4psr,a,581,167910,0
4pss,a,158,12246,0
4pvz,c,35,561,0
4pw1,a,205,20706,0
4px2,a,585,170236,0
4pxy,a,240,28441,0
4q0y,a,128,8001,0
4q1z,a,382,72390,0
4q2s,a,136,9045,0
4q4g,x,206,20910,0
4q4w,1,281,39060,0
4q4w,2,264,34453,0
4q4w,4,57,1540,0
4q6u,a,307,46665,0
4q7o,a,133,8646,0
4q98,a,354,62128,0
4qa8,a,210,21736,0
4qam,b,175,15051,0
4qan,a,374,69378,0
4qas,a,196,18915,0
4qhw,a,394,77028,0
4qi3,a,207,21115,0
4qlp,a,175,15051,0
4qlp,b,199,19503,0
4qmd,a,193,18336,0
4qnd,a,97,4560,0
4qni,a,318,50086,0
4qoz,c,72,2485,0
4qp5,a,134,8778,0
4qpt,a,215,22791,0
4qpv,a,268,35511,0
4qpw,a,142,9870,0
4qrk,a,210,21736,0
4qrl,a,110,5886,0
4qrn,a,351,61075,0
4qtj,a,154,11628,0
4qvr,a,309,47278,0
4qxa,b,147,10585,0
4qxb,b,68,2211,0
4qxf,c,78,2926,0
4qxl,a,115,6441,0
4qxz,a,144,10153,0
4qyb,a,111,5995,0
4r03,a,106,5460,0
4r1d,b,301,44850,0
4r1j,a,174,14878,0
4r2x,a,241,28680,0
4r3u,a,557,154290,0
4r4k,a,150,11026,0
4r5r,a,68,2211,0
4r7r,a,120,7021,0
4r9p,a,210,21736,0
4rax,a,227,25425,0
4rd8,a,205,20706,0
4rek,a,498,123256,0
4reo,a,221,24090,0
4rfu,a,117,6670,0
4rg1,a,285,40186,0
4rgd,a,70,2346,0
4rgw,a,404,81003,0
4rgw,b,123,7381,0
4rh8,a,133,8646,0
4rhz,b,125,7626,0
4rl8,a,267,35245,0
4rlc,a,135,8911,0
4rle,a,109,5778,0
4rlz,a,306,46360,0
4rp3,a,91,4005,0
4rp9,a,451,101025,0
4rpm,a,388,74691,0
4rri,a,136,9045,0
4rs7,a,84,3403,0
4rth,a,167,13695,0
4ru3,a,205,20706,0
4ruq,a,236,27495,0
4ruw,a,381,72010,0
4rvq,a,119,6903,0
4rwu,a,81,3160,0
4rxi,a,116,6555,0
4rxv,a,228,25651,0
4rxx,a,416,85905,0
4ryo,a,151,11175,0
4rz9,a,179,15753,0
4s28,a,520,134421,0
4s2r,p,613,186966,0
4sgb,i,51,1225,0
4tkc,a,118,6786,0
4tmd,a,190,17766,0
4tn5,a,110,5886,0
4tps,a,140,9591,0
4tps,b,81,3160,0
4tq1,a,258,32896,0
4tsd,a,179,15753,0
4ttw,a,132,8515,0
4tx5,a,173,14706,0
4txd,a,336,55945,0
4txr,a,159,12403,0
4txr,c,40,741,0
4u12,a,79,3003,0
4u1e,b,47,1035,0
4u3e,a,610,185136,0
4u4c,b,56,1485,0
4u5h,a,85,3486,0
4u5w,a,116,6555,0
4u98,a,451,101025,0
4u9h,s,265,34716,0
4u9h,l,533,141246,0
4u9n,a,177,15400,0
4ua6,a,262,33930,0
4uci,a,361,64620,0
4ue0,a,115,6441,0
4ue8,a,162,12880,0
4uf7,c,138,9316,0
4uho,a,435,93961,0
4uj7,a,208,21321,0
4uqz,b,24,253,0
4ut1,a,551,150975,0
4uu3,a,168,13861,0
4uuy,a,317,49770,0
4uvj,a,364,65703,0
4uvq,a,259,33153,0
4uwh,a,554,152628,0
4uyb,a,400,79401,0
4uyr,a,188,17391,0
4uzg,a,277,37950,0
4uzy,b,50,1176,0
4v00,a,343,58311,0
4v1g,a,85,3486,0
4v1k,a,129,8128,0
4v1t,c,15,91,0
4v24,a,351,61075,0
4v35,a,321,51040,0
4v3i,a,153,11476,0
4w4k,a,82,3240,0
4w4k,b,173,14706,0
4w64,a,169,14028,0
4w6y,a,146,10440,0
4w78,a,169,14028,0
4w7g,a,298,43956,0
4w7l,a,448,99681,0
4w8h,a,127,7875,0
4w8p,a,301,44850,0
4w9z,a,138,9316,0
4wa0,a,353,61776,0
4wai,a,91,4005,0
4wbd,a,539,144453,0
4wd8,a,268,35511,0
4we2,a,260,33411,0
4wee,a,135,8911,0
4wfc,a,95,4371,0
4wfo,a,826,339900,0
4wfv,a,153,11476,0
4whi,a,102,5050,0
4whn,a,170,14196,0
4wid,a,347,59685,0
4wiq,a,231,26335,0
4wjt,a,146,10440,0
4wk7,a,209,21528,0
4wka,a,369,67528,0
4wkz,a,231,26335,0
4wlr,b,99,4753,0
4wma,a,299,44253,0
4wn5,a,108,5671,0
4wnd,b,26,300,0
4wpy,a,88,3741,0
4wsf,a,111,5995,0
4wt3,a,198,19306,0
4wui,a,204,20503,0
4wv4,a,86,3570,0
4wva,a,413,84666,0
4ww7,b,172,14535,0
4wwf,a,110,5886,0
4wx0,a,256,32385,0
4wxa,d,68,2211,0
4wxm,a,126,7750,0
4wy4,a,64,1953,0
4wy4,c,78,2926,0
4wy9,a,285,40186,0
4x1z,a,332,54615,0
4x2r,a,242,28920,0
4x5p,a,158,12246,0
4x84,a,223,24531,0
4x9r,a,220,23871,0
4x9x,a,268,35511,0
4x9z,a,49,1128,0
4xax,a,184,16653,0
4xb4,a,137,9180,0
4xb6,a,144,10153,0
4xb6,b,192,18145,0
4xdn,a,604,181503,0
4xdn,b,115,6441,0
4xdu,a,330,53956,0
4xdx,a,69,2278,0
4xek,a,137,9180,0
4xfm,a,400,79401,0
4xht,a,94,4278,0
4xj5,a,367,66795,0
4xmr,a,245,29646,0
4xo1,a,55,1431,0
4xot,a,597,177310,0
4xpx,a,130,8256,0
4xu6,a,188,17391,0
4xuw,a,92,4095,0
4xvv,a,71,2415,0
4xxx,a,249,30628,0
4xz7,a,378,70876,0
4xzf,a,121,7140,0
4xzr,a,18,136,0
4y1w,a,217,23220,0
4y2f,a,139,9453,0
4y6x,a,144,10153,0
4y7l,a,235,27261,0
4y7s,a,111,5995,0
4y99,b,74,2628,0
4y9v,a,603,180901,0
4y9w,a,327,52975,0
4yc7,b,291,41905,0
4yca,a,284,39903,0
4ye7,a,104,5253,0
4yec,a,126,7750,0
4yec,b,228,25651,0
4yep,a,185,16836,0
4yfu,a,578,166176,0
4ygt,a,145,10296,0
4yh8,b,55,1431,0
4yk2,a,107,5565,0
4yki,a,247,30135,0
4ymy,a,153,11476,0
4ynx,a,40,741,0
4yom,a,104,5253,0
4yor,a,227,25425,0
4ypo,a,325,52326,0
4ysi,a,138,9316,0
4ytw,a,75,2701,0
4ytw,b,168,13861,0
4yu8,a,72,2485,0
4yvq,a,84,3403,0
4yyc,a,464,106953,0
4yz0,a,193,18336,0
4yz6,a,175,15051,0
4z29,a,176,15225,0
4z3g,a,196,18915,0
4z67,a,308,46971,0
4z9h,a,165,13366,0
4zav,a,208,21321,0
4zbo,a,263,34191,0
4zc3,a,57,1540,0
4zds,a,132,8515,0
4zfl,a,229,25878,0
4zgf,a,139,9453,0
4zgp,a,249,30628,0
4zh0,a,482,115440,0
4zhw,a,110,5886,0
4zil,a,210,21736,0
4zjh,a,206,20910,0
4zkj,a,275,37401,0
4zkq,a,388,74691,0
4zld,a,151,11175,0
4zmi,a,235,27261,0
4zmk,a,71,2415,0
4zoq,a,61,1770,0
4zpc,a,462,106030,0
4zqa,a,86,3570,0
4zqx,a,236,27495,0
4zr7,a,117,6670,0
4zrl,b,59,1653,0
4zu4,a,144,10153,0
4zv0,a,135,8911,0
4zv0,b,93,4186,0
4zvc,a,116,6555,0
4zw2,a,319,50403,0
4zw9,a,470,109746,0
4zy7,a,119,6903,0
4zya,a,65,2016,0
5a07,a,395,77421,0
5a0n,a,214,22578,0
5a1s,a,433,93096,0
5a3a,a,286,40470,0
5a67,a,204,20503,0
5a6s,b,79,3003,0
5a8c,a,299,44253,0
5a9h,a,189,17578,0
5abx,b,38,666,0
5ae0,a,217,23220,0
5aiz,a,108,5671,0
5ajs,a,63,1891,0
5ako,c,153,11476,0
5al6,a,44,903,0
5an6,a,123,7381,0
5anr,c,23,231,0
5aot,a,102,5050,0
5aox,a,76,2775,0
5aoz,a,138,9316,0
5aq5,a,275,37401,0
5azb,a,284,39903,0
5azp,a,446,98790,0
5azx,a,100,4851,0
5b1q,a,448,99681,0
5b2p,a,1455,1056331,0
5b3g,b,406,81810,0
5b3p,a,134,8778,0
5b66,b,505,126756,0
5b66,f,33,496,0
5b66,h,64,1953,0
5b66,x,38,666,0
5b66,z,62,1830,0
5b66,b,495,121771,0
5b66,f,32,465,0
5b66,h,62,1830,0
5b66,x,35,561,0
5b66,z,61,1770,0
5b68,a,703,246051,0
5b71,e,93,4186,0
5b7d,a,212,22155,0
5b82,a,161,12720,0
5bmn,a,447,99235,0
5bmt,a,226,25200,0
5bob,a,202,20100,0
5bow,a,151,11175,0
5bpz,a,140,9591,0
5bq1,a,209,21528,0
5br4,a,384,73153,0
5br7,a,386,73920,0
5brk,b,64,1953,0
5bs1,a,108,5671,0
5bty,a,133,8646,0
5bu8,a,178,15576,0
5bw0,a,152,11325,0
5bw0,b,89,3828,0
5bxg,a,149,10878,0
5by8,a,231,26335,0
5by8,b,85,3486,0
5c12,a,230,26106,0
5c17,a,206,20910,0
5c33,a,179,15753,0
5c50,a,198,19306,0
5c50,b,184,16653,0
5c5g,a,251,31125,0
5c6u,a,417,86320,0
5c79,a,104,5253,0
5ca8,a,636,201295,0
5caj,a,250,30876,0
5ccb,b,371,68265,0
5cec,a,401,79800,0
5ceg,b,103,5151,0
5ces,a,91,4005,0
5chl,a,68,2211,0
5chs,a,294,42778,0
5ciy,a,327,52975,0
5ckl,a,181,16110,0
5cku,a,451,101025,0
5cl8,a,229,25878,0
5cof,a,166,13530,0
5cow,a,234,27028,0
5coz,a,340,57291,0
5cpc,a,281,39060,0
5cq2,a,74,2628,0
5cqe,a,157,12090,0
5cr8,a,113,6216,0
5cs0,a,215,22791,0
5csd,a,158,12246,0
5csi,c,15,91,0
5ctd,c,72,2485,0
5ctm,a,232,26565,0
5ctt,b,16,105,0
5ctv,a,174,14878,0
5cv0,a,170,14196,0
5cvw,a,150,11026,0
5cwg,a,195,18721,0
5cya,a,161,12720,0
5cyw,b,149,10878,0
5cyz,c,99,4753,0
5d16,a,161,12720,0
5d23,a,61,1770,0
5d2k,a,263,34191,0
5d2m,g,21,190,0
5d5k,b,16,105,0
5d5y,a,50,1176,0
5d66,a,191,17955,0
5d7u,a,53,1326,0
5d8v,a,83,3321,0
5d9g,a,236,27495,0
5dbl,a,130,8256,0
5dbr,c,14,78,0
5dcq,d,199,19503,0
5deu,a,413,84666,0
5dgj,a,166,13530,0
5dhe,a,100,4851,0
5dlb,a,261,33670,0
5dlk,a,443,97461,0
5dmd,a,144,10153,0
5dmm,a,288,41041,0
5doc,a,197,19110,0
5dof,a,153,11476,0
5dok,a,170,14196,0
5dp2,a,335,55611,0
5dpo,a,101,4950,0
5dwa,a,278,38226,0
5dz8,a,162,12880,0
5dze,a,198,19306,0
5e1l,a,167,13695,0
5e1n,a,137,9180,0
5e5y,a,62,1830,0
5e6x,a,280,38781,0
5e9p,a,86,3570,0
5eck,a,569,161028,0
5edf,a,220,23871,0
5edl,a,197,19110,0
5ee5,a,201,19900,0
5eft,b,255,32131,0
5eha,a,153,11476,0
5ej8,a,556,153735,0
5eks,a,354,62128,0
5el9,a,199,19503,0
5elh,a,142,9870,0
5emi,a,180,15931,0
5emx,a,53,1326,0
5enq,a,580,167331,0
5ep6,a,36,595,0
5ep6,b,46,990,0
5eq0,a,55,1431,0
5eq7,a,257,32640,0
5eqw,a,117,6670,0
5et0,b,20,171,0
5eur,a,113,6216,0
5ewo,a,214,22578,0
5ewu,a,383,72771,0
5exh,c,45,946,0
5ezq,a,320,50721,0
5f2t,a,247,30135,0
5f5s,b,53,1326,0
5f6r,a,170,14196,0
5f74,b,20,171,0
5f9q,a,180,15931,0
5faf,a,113,6216,0
5fag,a,389,75078,0
5fai,a,209,21528,0
5fb4,a,511,129795,0
5fc2,b,482,115440,0
5fcd,a,224,24753,0
5fcu,g,104,5253,0
5fd3,a,108,5671,0
5fdn,a,914,416328,0
5ffg,b,248,30381,0
5ffp,a,150,11026,0
5fia,a,389,75078,0
5fjl,a,136,9045,0
5fjz,a,262,33930,0
5fmu,a,131,8385,0
5fn7,a,172,14535,0
5fr7,a,144,10153,0
5fry,a,194,18528,0
5fs4,a,116,6555,0
5ftg,a,353,61776,0
5ftw,a,255,32131,0
5fvd,a,343,58311,0
5fyp,a,288,41041,0
5g1x,b,29,378,0
5g23,a,191,17955,0
5g25,a,82,3240,0
5g38,a,172,14535,0
5g3x,a,225,24976,0
5g51,a,157,12090,0
5ggn,a,153,11476,0
5gji,a,107,5565,0
5gkx,a,259,33153,0
5gmd,a,325,52326,0
5gn1,a,309,47278,0
5gnf,a,136,9045,0
5gpo,a,121,7140,0
5gqi,a,246,29890,0
5guf,a,158,12246,0
5gv0,a,162,12880,0
5gv8,a,272,36585,0
5gwn,a,427,90525,0
5h2d,a,418,86736,0
5h2w,b,17,120,0
5h3v,a,103,5151,0
5h3x,a,267,35245,0
5h3z,a,1095,597871,0
5h4e,a,375,69751,0
5h4s,a,284,39903,0
5h5a,b,212,22155,0
5h5f,a,206,20910,0
5h65,b,53,1326,0
5h72,a,67,2145,0
5h9f,d,318,50086,0
5haz,a,551,150975,0
5hb6,a,138,9316,0
5hb7,a,121,7140,0
5hdw,a,128,8001,0
5hee,a,262,33930,0
5hha,a,261,33670,0
5hhj,a,294,42778,0
5hiu,a,407,82215,0
5hkp,c,12,55,0
5hkq,a,142,9870,0
5hob,a,45,946,0
5hqh,a,96,4465,0
5hra,a,233,26796,0
5hu3,b,15,91,0
5hub,a,79,3003,0
5hus,a,293,42486,0
5hya,a,297,43660,0
5hyg,a,282,39340,0
5i0q,a,34,528,0
5i3e,a,346,59340,0
5i5n,a,136,9045,0
5i95,a,413,84666,0
5i9j,a,214,22578,0
5iaa,a,260,33411,0
5ibw,c,43,861,0
5iff,a,216,23005,0
5ig6,a,115,6441,0
5ihw,a,314,48828,0
5ii6,a,100,4851,0
5ii8,a,131,8385,0
5iib,b,108,5671,0
5ik4,a,379,71253,0
5ikj,b,66,2080,0
5il2,b,284,39903,0
5ima,a,156,11935,0
5imu,a,217,23220,0
5inb,b,33,496,0
5inr,a,461,105570,0
5io9,a,98,4656,0
5ioj,a,494,121278,0
5ipx,a,282,39340,0
5iqj,a,131,8385,0
5itz,d,13,66,0
5iu0,a,462,106030,0
5iwu,a,299,44253,0
5iwz,a,372,68635,0
5ixh,a,159,12403,0
5iyz,e,123,7381,0
5iyz,f,331,54285,0
5iz3,b,315,49141,0
5ize,a,179,15753,0
5j09,a,171,14365,0
5j1n,a,170,14196,0
5j1s,b,235,27261,0
5j1t,a,277,37950,0
5j3t,a,126,7750,0
5j4a,a,116,6555,0
5j4a,b,104,5253,0
5j4o,a,222,24310,0
5ja9,c,101,4950,0
5jbl,a,165,13366,0
5jbn,a,160,12561,0
5jbx,a,258,32896,0
5jda,a,358,63546,0
5jdk,a,104,5253,0
5jel,a,234,27028,0
5jen,a,207,21115,0
5jg9,a,45,946,0
5jgf,a,460,105111,0
5jig,a,118,6786,0
5jj2,a,211,21945,0
5jja,a,333,54946,0
5jja,c,8,21,0
5jkq,a,278,38226,0
5jlv,c,97,4560,0
5jp4,b,19,153,0
5jqc,a,245,29646,0
5jry,a,477,113050,0
5jw9,a,35,561,0
5jwi,a,697,241860,0
5jxm,a,356,62835,0
5k04,a,732,266815,0
5k2l,a,49,1128,0
5k3q,a,43,861,0
5k4b,a,361,64620,0
5k6k,a,344,58653,0
5k87,a,389,75078,0
5k8j,a,78,2926,0
5kci,a,184,16653,0
5kdg,a,186,17020,0
5kht,a,46,990,0
5kla,a,337,56280,0
5kle,a,95,4371,0
5knk,b,324,52003,0
5kp7,b,79,3003,0
5kqr,a,264,34453,0
5ktc,a,187,17205,0
5ktn,a,300,44551,0
5ku5,a,148,10731,0
5kvm,a,355,62481,0
5kxh,a,350,60726,0
5kxh,b,38,666,0
5l0v,a,356,62835,0
5l0v,b,39,703,0
5l2l,a,72,2485,0
5l37,a,78,2926,0
5l74,a,151,11175,0
5l87,a,62,1830,0
5l8x,b,169,14028,0
5lb7,a,166,13530,0
5lbd,a,113,6216,0
5ldd,b,166,13530,0
5le5,e,233,26796,0
5lgd,a,400,79401,0
5lgg,a,378,70876,0
5ljm,a,203,20301,0
5ljp,a,168,13861,0
5lmg,a,316,49455,0
5los,a,89,3828,0
5lp9,a,160,12561,0
5lq1,a,260,33411,0
5lq6,a,184,16653,0
5ls4,a,206,20910,0
5lsf,a,243,29161,0
5lsi,d,82,3240,0
5lsl,e,62,1830,0
5lte,a,333,54946,0
5lun,a,338,56616,0
5lus,a,50,1176,0
5lw5,a,145,10296,0
5lx9,a,281,39060,0
5lxf,a,146,10440,0
5ly5,a,75,2701,0
5ly8,a,230,26106,0
5m17,a,349,60378,0
5m1m,a,154,11628,0
5m1p,a,187,17205,0
5m26,b,332,54615,0
5m2p,a,106,5460,0
5m41,a,712,252405,0
5m45,a,762,289180,0
5m5z,a,754,283128,0
5m72,b,21,190,0
5m8c,a,353,61776,0
5m97,a,65,2016,0
5mao,a,71,2415,0
5maw,e,112,6105,0
5mbx,a,472,110685,0
5mdi,a,76,2775,0
5meb,a,108,5671,0
5mec,a,131,8385,0
5mfa,a,587,171405,0
5mfi,a,239,28203,0
5miy,a,122,7260,0
5mjr,a,186,17020,0
5mk2,a,355,62481,0
5mk9,a,378,70876,0
5mkc,a,207,21115,0
5mqi,a,345,58996,0
5ms2,a,405,81406,0
5msm,a,371,68265,0
5msm,b,132,8515,0
5msm,c,27,325,0
5mtw,a,138,9316,0
5mu3,b,163,13041,0
5mu3,c,24,253,0
5mun,a,182,16290,0
5muy,a,327,52975,0
5mwb,a,118,6786,0
5mwn,a,312,48205,0
5my7,a,93,4186,0
5n0o,a,365,66066,0
5n6f,a,364,65703,0
5n86,a,137,9180,0
5n8a,x,8,21,0
5n9b,a,244,29403,0
5nf4,a,295,43071,0
5nfd,a,75,2701,0
5nfm,a,75,2701,0
5ngd,a,402,80200,0
5nhu,i,24,253,0
5nj9,a,480,114481,0
5nkq,a,127,7875,0
5nl1,a,141,9730,0
5nm4,a,382,72390,0
5nmo,a,162,12880,0
5nny,a,308,46971,0
5noh,a,103,5151,0
5nqo,a,126,7750,0
5nr4,a,220,23871,0
5nt7,a,92,4095,0
5nus,a,211,21945,0
5nuz,c,142,9870,0
5nv9,a,467,108345,0
5nvl,b,69,2278,0
5nwp,a,197,19110,0
5nxf,a,490,119316,0
5nxk,a,306,46360,0
5nxq,a,424,89253,0
5o0j,a,453,101926,0
5o0s,a,768,293761,0
5o0t,a,206,20910,0
5o15,a,289,41328,0
5o1l,a,375,69751,0
5o2x,a,247,30135,0
5o51,a,309,47278,0
5o63,a,159,12403,0
5o75,a,71,2415,0
5o8w,b,90,3916,0
5o9e,b,80,3081,0
5o9m,a,156,11935,0
5oby,a,365,66066,0
5od4,a,124,7503,0
5od6,a,125,7626,0
5of1,a,199,19503,0
5oh5,a,268,35511,0
5ohq,a,110,5886,0
5ohy,a,660,216811,0
5oj5,a,310,47586,0
5ol4,a,99,4753,0
5ol4,b,122,7260,0
5ol9,a,81,3160,0
5onk,a,202,20100,0
5ooo,a,166,13530,0
5opq,a,659,216153,0
5opz,a,133,8646,0
5ouo,a,263,34191,0
5oup,a,276,37675,0
5owo,a,159,12403,0
5owu,b,29,378,0
5oxo,a,456,103285,0
5quk,a,222,24310,0
5r0d,b,300,44551,0
5rkz,a,291,41905,0
5sbf,a,346,59340,0
5sbq,a,150,11026,0
5sui,a,379,71253,0
5sv2,a,135,8911,0
5svd,a,543,146611,0
5svh,b,42,820,0
5t12,a,238,27966,0
5t51,a,96,4465,0
5t5i,c,269,35778,0
5t6j,b,92,4095,0
5t7a,a,93,4186,0
5t86,a,104,5253,0
5t86,i,121,7140,0
5t8c,a,291,41905,0
5td6,a,124,7503,0
5tda,a,71,2415,0
5tgq,a,226,25200,0
5tif,a,181,16110,0
5tih,a,326,52650,0
5tip,a,436,94395,0
5tkw,a,233,26796,0
5tle,a,349,60378,0
5tta,a,209,21528,0
5tvo,b,59,1653,0
5tw9,a,63,1891,0
5u02,a,355,62481,0
5u3a,a,495,121771,0
5u4n,a,350,60726,0
5u5n,a,279,38503,0
5ube,a,116,6555,0
5ubp,a,469,109278,0
5ue0,a,276,37675,0
5ueb,a,139,9453,0
5uej,a,375,69751,0
5ujc,a,267,35245,0
5ukh,a,315,49141,0
5ulm,a,373,69006,0
5un8,a,424,89253,0
5uni,b,261,33670,0
5uof,a,471,110215,0
5uq6,a,301,44850,0
5uqd,a,324,52003,0
5uqz,a,354,62128,0
5usb,a,139,9453,0
5uuj,a,363,65341,0
5uvr,a,97,4560,0
5uwc,i,112,6105,0
5uwz,a,219,23653,0
5v01,a,168,13861,0
5v0m,a,96,4465,0
5v1y,a,114,6328,0
5v2o,a,60,1711,0
5v3n,a,109,5778,0
5v5t,a,297,43660,0
5v6j,a,111,5995,0
5v77,a,105,5356,0
5v7p,a,280,38781,0
5v87,a,147,10585,0
5v8w,b,104,5253,0
5v8z,a,97,4560,0
5vbn,a,427,90525,0
5vfz,a,287,40755,0
5vgt,a,124,7503,0
5vhg,a,150,11026,0
5vit,c,97,4560,0
5vj2,a,134,8778,0
5vji,a,46,990,0
5vji,c,56,1485,0
5vjt,a,196,18915,0
5vrh,a,490,119316,0
5vtg,a,136,9045,0
5vxb,a,167,13695,0
5w2l,a,139,9453,0
5w3x,a,334,55278,0
5w4a,a,210,21736,0
5w53,a,303,45451,0
5w5c,b,54,1378,0
5w5c,e,25,276,0
5w7w,a,103,5151,0
5w83,a,173,14706,0
5w98,a,300,44551,0
5wd6,a,192,18145,0
5we0,a,220,23871,0
5wec,a,112,6105,0
5wee,a,188,17391,0
5wfy,a,127,7875,0
5wgi,a,360,64261,0
5wk0,a,156,11935,0
5wkr,a,212,22155,0
5wlh,a,1289,828828,0
5wst,a,71,2415,0
5wsy,a,161,12720,0
5wuc,a,194,18528,0
5wwo,a,261,33670,0
5wwo,c,46,990,0
5wx8,a,160,12561,0
5x1e,b,148,10731,0
5x1e,c,97,4560,0
5x2n,a,429,91378,0
5x42,b,69,2278,0
5x4b,a,152,11325,0
5x4r,a,333,54946,0
5x5m,a,205,20706,0
5x5v,a,236,27495,0
5x6v,g,132,8515,0
5x7l,a,129,8128,0
5x89,a,337,56280,0
5x9i,a,333,54946,0
5xa5,b,27,325,0
5xbc,a,117,6670,0
5xbi,a,148,10731,0
5xdh,a,85,3486,0
5xea,a,385,73536,0
5xey,a,277,37950,0
5xfl,a,354,62128,0
5xhb,a,195,18721,0
5xhx,a,167,13695,0
5xis,a,79,3003,0
5xj5,a,198,19306,0
5xjg,b,30,406,0
5xjl,2,204,20503,0
5xkx,a,380,71631,0
5xlj,a,192,18145,0
5xlm,a,145,10296,0
5xln,b,26,300,0
5xls,a,408,82621,0
5xmz,a,122,7260,0
5xom,a,351,61075,0
5xqh,a,218,23436,0
5xsj,l,122,7260,0
5xsw,a,485,116886,0
5xve,a,331,54285,0
5xvj,a,133,8646,0
5xvr,a,379,71253,0
5xvt,a,675,226801,0
5xyf,a,188,17391,0
5xyf,b,23,231,0
5xz7,a,322,51360,0
5y0m,a,329,53628,0
5y4z,a,440,96141,0
5y5s,1,56,1485,0
5y9e,a,416,85905,0
5y9q,a,196,18915,0
5y9x,a,298,43956,0
5ya6,a,163,13041,0
5yad,a,72,2485,0
5yax,c,8,21,0
5yce,a,151,11175,0
5yde,a,111,5995,0
5yfc,a,690,237016,0
5yh4,a,179,15753,0
5yhh,a,193,18336,0
5yhr,a,90,3916,0
5yi6,a,241,28680,0
5yj6,a,636,201295,0
5yjc,a,247,30135,0
5ykz,a,112,6105,0
5ynx,a,117,6670,0
5yo8,a,349,60378,0
5yq0,a,301,44850,0
5yr0,b,44,903,0
5yrv,a,551,150975,0
5yrv,b,182,16290,0
5yrv,c,136,9045,0
5ys3,a,188,17391,0
5ys4,a,120,7021,0
5ysi,a,143,10011,0
5ysn,b,252,31375,0
5ysq,a,279,38503,0
5ytq,a,72,2485,0
5yvq,b,103,5151,0
5yzp,a,195,18721,0
5z08,a,214,22578,0
5z0d,a,276,37675,0
5z0d,b,80,3081,0
5z1g,a,99,4753,0
5z5k,b,66,2080,0
5zby,a,156,11935,0
5zdm,a,198,19306,0
5zho,a,161,12720,0
5ziq,a,155,11781,0
5zkt,a,54,1378,0
5zmo,a,158,12246,0
5zrt,a,160,12561,0
5zry,a,169,14028,0
5zt3,a,114,6328,0
5zw7,a,383,72771,0
5zyf,a,88,3741,0
5zyu,a,223,24531,0
5zza,p,119,6903,0
5zzu,a,345,58996,0
6a0e,a,305,46056,0
6a2j,a,303,45451,0
6a2w,a,166,13530,0
6a37,a,510,129286,0
6a48,a,651,210925,0
6a56,a,162,12880,0
6a5d,a,93,4186,0
6a8m,a,442,97020,0
6a92,a,199,19503,0
6a9s,a,342,57970,0
6ae8,c,12,55,0
6aef,a,458,104196,0
6aep,a,79,3003,0
6afw,a,740,272691,0
6anz,a,138,9316,0
6ao8,a,566,159330,0
6ao9,a,171,14365,0
6as3,a,95,4371,0
6au8,c,42,820,0
6ay8,a,37,630,0
6aym,a,228,25651,0
6b05,a,896,400065,0
6b12,a,117,6670,0
6b29,a,57,1540,0
6b2y,a,338,56616,0
6b7l,a,290,41616,0
6b9m,d,17,120,0
6b9x,a,60,1711,0
6b9x,c,121,7140,0
6b9x,e,91,4005,0
6bd0,a,300,44551,0
6bde,a,185,16836,0
6bhd,a,217,23220,0
6bk4,a,106,5460,0
6bl5,a,129,8128,0
6bm5,a,325,52326,0
6bmn,a,289,41328,0
6br8,a,245,29646,0
6bsc,a,57,1540,0
6bsc,b,48,1081,0
6bsu,a,337,56280,0
6btc,a,84,3403,0
6bum,a,362,64980,0
6bw9,b,24,253,0
6bxd,a,192,18145,0
6c1x,a,127,7875,0
6c29,a,243,29161,0
6c4q,a,82,3240,0
6c62,c,66,2080,0
6c8c,a,119,6903,0
6c8r,a,358,63546,0
6cb0,a,357,63190,0
6cb2,a,270,36046,0
6cb7,a,118,6786,0
6cbr,a,144,10153,0
6cc2,a,488,118341,0
6ccd,a,98,4656,0
6chx,a,214,22578,0
6ck1,a,375,69751,0
6cka,a,66,2080,0
6cnw,a,116,6555,0
6coj,b,248,30381,0
6cp8,c,157,12090,0
6cpd,a,126,7750,0
6csv,a,90,3916,0
6cv7,a,365,66066,0
6cwm,a,171,14365,0
6cxb,a,122,7260,0
6czh,a,105,5356,0
6d0h,a,159,12403,0
6d2c,a,258,32896,0
6d4k,a,238,27966,0
6d7y,a,89,3828,0
6d7y,b,150,11026,0
6d91,a,398,78606,0
6d9n,a,140,9591,0
6dcj,a,221,24090,0
6dcm,a,80,3081,0
6ded,a,336,55945,0
6dex,a,130,8256,0
6dex,b,195,18721,0
6dg4,a,253,31626,0
6dg6,a,100,4851,0
6dhx,a,180,15931,0
6dnm,a,187,17205,0
6dnq,e,54,1378,0
6dnv,a,123,7381,0
6dop,a,135,8911,0
6dt7,a,265,34716,0
6dt7,b,404,81003,0
6dtd,a,1053,552826,0
6dtv,a,184,16653,0
6dxo,d,61,1770,0
6dxy,a,95,4371,0
6dym,a,213,22366,0
6e0o,a,273,36856,0
6e0t,x,248,30381,0
6e12,a,202,20100,0
6e1f,a,89,3828,0
6e5f,a,173,14706,0
6e6o,a,40,741,0
6e6u,a,266,34980,0
6e7e,a,169,14028,0
6e85,a,328,53301,0
6edg,a,213,22366,0
6ef7,a,124,7503,0
6efn,a,383,72771,0
6ei1,a,335,55611,0
6eio,a,222,24310,0
6ekk,a,374,69378,0
6eko,a,303,45451,0
6ekz,a,325,52326,0
6elm,a,98,4656,0
6elv,a,134,8778,0
6epg,b,382,72390,0
6etl,a,124,7503,0
6evn,a,95,4371,0
6ewh,a,181,16110,0
6ewm,a,183,16471,0
6exa,a,217,23220,0
6ey0,a,147,10585,0
6ey1,a,211,21945,0
6ey4,a,478,113526,0
6eyx,a,183,16471,0
6f03,a,155,11781,0
6f1k,a,119,6903,0
6f1s,a,144,10153,0
6f2m,a,185,16836,0
6f45,d,248,30381,0
6f5x,a,76,2775,0
6f8p,a,301,44850,0
6fba,a,321,51040,0
6fc0,b,77,2850,0
6fc1,b,64,1953,0
6fih,a,379,71253,0
6fjk,a,417,86320,0
6fjn,a,184,16653,0
6fjy,b,289,41328,0
6fl9,a,310,47586,0
6flf,a,304,45753,0
6fm8,a,50,1176,0
6fmc,a,158,12246,0
6fop,a,717,255970,0
6fpd,a,191,17955,0
6fsw,a,232,26565,0
6ftf,b,291,41905,0
6fto,c,75,2701,0
6fu9,a,79,3003,0
6fu9,b,84,3403,0
6fvi,a,139,9453,0
6fx6,a,234,27028,0
6fz6,a,339,56953,0
6g44,a,511,129795,0
6g6k,a,89,3828,0
6g7b,a,146,10440,0
6gaj,a,131,8385,0
6gcf,a,158,12246,0
6gcv,a,126,7750,0
6gdj,a,71,2415,0
6geh,a,256,32385,0
6gf6,a,106,5460,0
6gg1,a,145,10296,0
6gg7,c,22,210,0
6gh8,b,110,5886,0
6gkx,a,134,8778,0
6gme,a,182,16290,0
6gmo,a,439,95703,0
6gn5,a,174,14878,0
6gp3,a,313,48516,0
6gq3,a,509,128778,0
6grf,a,209,21528,0
6grh,1,284,39903,0
6grh,d,396,77815,0
6guo,a,297,43660,0
6gv8,a,157,12090,0
6gvd,a,525,137026,0
6gwj,b,84,3403,0
6gwj,d,48,1081,0
6gx2,a,297,43660,0
6gz8,a,133,8646,0
6gzj,b,10,36,0
6h10,a,330,53956,0
6h3o,a,649,209628,0
6h3s,a,408,82621,0
6h40,a,220,23871,0
6h48,a,76,2775,0
6h59,a,199,19503,0
6h5w,a,585,170236,0
6h8o,a,95,4371,0
6h96,a,200,19701,0
6hat,a,264,34453,0
6hbb,a,88,3741,0
6hcp,a,671,224115,0
6hd8,b,232,26565,0
6hem,a,300,44551,0
6her,a,103,5151,0
6hfg,b,114,6328,0
6hfm,a,165,13366,0
6hgn,b,32,465,0
6hk9,a,74,2628,0
6hn1,a,583,169071,0
6hn3,a,166,13530,0
6hph,a,418,86736,0
6hq6,a,1135,642411,0
6hrr,a,173,14706,0
6hsa,a,142,9870,0
6hx0,a,137,9180,0
6hxm,a,263,34191,0
6i05,a,76,2775,0
6i1a,a,358,63546,0
6i1h,a,340,57291,0
6i2m,b,343,58311,0
6i5o,a,112,6105,0
6i5s,a,444,97903,0
6i7s,g,863,371091,0
6i9a,a,453,101926,0
6iab,a,501,124750,0
6ibh,a,150,11026,0
6id6,a,302,45150,0
6idx,a,501,124750,0
6if6,a,131,8385,0
6igg,a,167,13695,0
6ih0,a,267,35245,0
6ii6,a,338,56616,0
6iip,a,88,3741,0
6iiy,a,237,27730,0
6ije,a,100,4851,0
6ilu,a,135,8911,0
6ime,a,285,40186,0
6imv,a,494,121278,0
6in9,a,272,36585,0
6in9,c,44,903,0
6iqc,a,103,5151,0
6iqe,a,59,1653,0
6iqt,a,131,8385,0
6is0,a,467,108345,0
6is8,a,163,13041,0
6iux,a,357,63190,0
6iv9,a,874,380628,0
6ivh,a,90,3916,0
6ix1,a,225,24976,0
6j0y,c,58,1596,0
6j18,a,272,36585,0
6j4p,b,44,903,0
6j6p,a,192,18145,0
6j8l,a,132,8515,0
6j93,a,193,18336,0
6j9l,a,112,6105,0
6jhw,a,116,6555,0
6jie,a,77,2850,0
6jiw,a,255,32131,0
6jjt,a,130,8256,0
6jl9,a,189,17578,0
6jle,e,50,1176,0
6jm5,a,123,7381,0
6jmk,a,142,9870,0
6jpt,a,121,7140,0
6jsa,a,165,13366,0
6jtg,a,330,53956,0
6juf,a,344,58653,0
6jv0,a,272,36585,0
6jv7,a,74,2628,0
6k06,a,26,300,0
6k39,a,151,11175,0
6k5s,a,220,23871,0
6k6l,a,259,33153,0
6k87,b,282,39340,0
6kbb,e,6,10,0
6kbx,b,226,25200,0
6kfa,a,162,12880,0
6kfn,a,298,43956,0
6kfs,a,248,30381,0
6kii,a,485,116886,0
6kjk,a,134,8778,0
6kko,a,167,13695,0
6klr,a,297,43660,0
6klz,a,257,32640,0
6km7,c,32,465,0
6kml,a,100,4851,0
6kqf,e,94,4278,0
6ksr,a,467,108345,0
6ky1,a,173,14706,0
6kyt,c,72,2485,0
6kzj,a,69,2278,0
6kzj,b,39,703,0
6l27,a,226,25200,0
6l4p,b,138,9316,0
6l4v,a,414,85078,0
6l5h,a,81,3160,0
6l6g,a,257,32640,0
6l77,a,209,21528,0
6l7q,a,144,10153,0
6l7r,a,105,5356,0
6l7r,b,79,3003,0
6l85,a,400,79401,0
6l8g,b,87,3655,0
6l8s,a,650,210276,0
6ld1,a,574,163878,0
6ldq,a,187,17205,0
6lgv,a,305,46056,0
6lh8,a,152,11325,0
6lhy,a,176,15225,0
6liy,a,192,18145,0
6ljl,a,841,352380,0
6lk1,a,94,4278,0
6lkc,a,530,139656,0
6lki,b,170,14196,0
6ll8,a,306,46360,0
6lnl,a,151,11175,0
6lph,a,244,29403,0
6lqn,a,254,31878,0
6luj,a,66,2080,0
6m0q,b,64,1953,0
6m31,a,280,38781,0
6m3g,a,303,45451,0
6m6s,a,160,12561,0
6m7a,c,36,595,0
6m96,b,256,32385,0
6mag,a,282,39340,0
6mcp,a,520,134421,0
6md5,a,273,36856,0
6mic,a,164,13203,0
6mm2,a,99,4753,0
6mpr,a,548,149331,0
6mq7,a,244,29403,0
6mrs,a,75,2701,0
6mu0,a,150,11026,0
6mx3,a,163,13041,0
6myd,a,155,11781,0
6mzp,a,314,48828,0
6n0d,a,436,94395,0
6n0k,a,288,41041,0
6n4l,a,283,39621,0
6n63,a,141,9730,0
6n7o,a,34,528,0
6n9h,a,75,2701,0
6nc9,a,475,112101,0
6nds,a,305,46056,0
6ndt,b,176,15225,0
6ne2,a,119,6903,0
6nep,b,84,3403,0
6nii,a,167,13695,0
6nio,a,227,25425,0
6njy,a,229,25878,0
6nl2,a,594,175528,0
6nlq,a,105,5356,0
6nnr,a,263,34191,0
6noz,a,245,29646,0
6np3,a,268,35511,0
6nps,a,966,465130,0
6ntr,a,233,26796,0
6ntv,a,220,23871,0
6nu9,a,168,13861,0
6nuc,c,19,153,0
6nyq,c,319,50403,0
6nyr,a,681,230860,0
6nz5,a,458,104196,0
6nzs,a,587,171405,0
6o19,a,58,1596,0
6o2v,a,135,8911,0
6o43,a,199,19503,0
6o5i,a,466,107880,0
6o5w,a,57,1540,0
6oaw,a,378,70876,0
6ob7,a,381,72010,0
6od1,b,106,5460,0
6og4,c,34,528,0
6oj7,a,48,1081,0
6ojc,a,222,24310,0
6ojj,a,183,16471,0
6ojx,a,353,61776,0
6okd,c,43,861,0
6oqa,c,83,3321,0
6oqq,a,747,277885,0
6ori,a,380,71631,0
6orj,a,235,27261,0
6osx,a,153,11476,0
6ovm,b,80,3081,0
6ox6,b,76,2775,0
6p0c,a,642,205120,0
6p0f,a,171,14365,0
6p0x,a,318,50086,0
6p5h,a,98,4656,0
6p7z,a,425,89676,0
6p80,a,318,50086,0
6p8p,a,132,8515,0
6pcd,a,397,78210,0
6pcz,a,355,62481,0
6pdk,a,248,30381,0
6pfq,a,216,23005,0
6pfx,a,384,73153,0
6pir,a,132,8515,0
6pnp,b,132,8515,0
6pny,a,116,6555,0
6pqk,b,89,3828,0
6pt8,a,350,60726,0
6pwy,a,504,126253,0
6px4,a,72,2485,0
6px4,b,141,9730,0
6pxz,a,98,4656,0
6pym,a,213,22366,0
6pzd,a,389,75078,0
6pzl,a,230,26106,0
6q00,a,76,2775,0
6q00,b,44,903,0
6q10,a,148,10731,0
6q1h,a,240,28441,0
6q32,a,420,87571,0
6q3p,b,46,990,0
6q3p,c,46,990,0
6q43,a,44,903,0
6q43,b,44,903,0
6q43,c,43,861,0
6q4z,a,310,47586,0
6q64,a,319,50403,0
6q78,a,374,69378,0
6q9l,a,94,4278,0
6qaz,a,125,7626,0
6qe0,a,275,37401,0
6qfj,a,84,3403,0
6qgi,a,498,123256,0
6qhg,a,115,6441,0
6qix,a,347,59685,0
6qnn,b,19,153,0
6qok,a,214,22578,0
6qpk,a,77,2850,0
6qsp,b,238,27966,0
6qta,b,101,4950,0
6qv7,a,316,49455,0
6qxr,a,220,23871,0
6qyy,a,119,6903,0
6r1d,a,106,5460,0
6r1g,a,148,10731,0
6r1j,d,251,31125,0
6r2m,a,311,47895,0
6r33,a,498,123256,0
6r3m,a,175,15051,0
6r5j,a,67,2145,0
6r5w,a,171,14365,0
6r7o,a,433,93096,0
6r7v,a,307,46665,0
6r80,a,219,23653,0
6ra4,a,127,7875,0
6rcc,x,98,4656,0
6rg2,a,343,58311,0
6rgn,a,93,4186,0
6rjx,a,157,12090,0
6rk0,a,214,22578,0
6rni,a,118,6786,0
6ro0,d,110,5886,0
6rrr,a,471,110215,0
6rrv,a,127,7875,0
6rsn,a,91,4005,0
6rtw,a,277,37950,0
6rvc,a,94,4278,0
6rvq,a,308,46971,0
6rvu,a,210,21736,0
6rwt,a,181,16110,0
6ry0,a,410,83436,0
6ryg,a,116,6555,0
6ryo,a,154,11628,0
6ryz,a,267,35245,0
6s0p,a,212,22155,0
6s29,b,53,1326,0
6s2m,a,129,8128,0
6s5w,a,106,5460,0
6s8k,a,437,94830,0
6s8v,b,416,85905,0
6s95,a,102,5050,0
6s9r,a,60,1711,0
6sa5,a,107,5565,0
6sb1,a,196,18915,0
6sba,a,211,21945,0
6se1,a,261,33670,0
6se7,a,885,390286,0
6sgf,a,129,8128,0
6shk,a,48,1081,0
6si6,a,47,1035,0
6sid,a,83,3321,0
6sj5,a,112,6105,0
6sj8,a,305,46056,0
6sja,b,134,8778,0
6sjh,a,187,17205,0
6sjq,a,115,6441,0
6spo,a,544,147153,0
6sqx,a,456,103285,0
6sr6,b,52,1275,0
6ssh,a,191,17955,0
6st4,a,87,3655,0
6su3,a,256,32385,0
6su5,a,154,11628,0
6sun,a,334,55278,0
6svl,c,95,4371,0
6sxt,a,482,115440,0
6syi,a,422,88410,0
6t02,a,155,11781,0
6t0q,a,340,57291,0
6t0y,a,270,36046,0
6t21,a,143,10011,0
6t3x,a,206,20910,0
6t40,c,243,29161,0
6t5a,a,96,4465,0
6t7o,a,59,1653,0
6t84,a,178,15576,0
6t9q,a,62,1830,0
6tcc,a,134,8778,0
6tci,a,73,2556,0
6tct,a,125,7626,0
6tcv,b,397,78210,0
6teq,a,418,86736,0
6tfr,a,363,65341,0
6tgk,c,105,5356,0
6tgu,a,327,52975,0
6thk,a,466,107880,0
6tho,a,217,23220,0
6tit,a,432,92665,0
6tj0,a,256,32385,0
6tj4,a,68,2211,0
6tj6,c,43,861,0
6tkl,i,23,231,0
6tl7,a,134,8778,0
6trj,a,85,3486,0
6trk,a,108,5671,0
6ts3,a,73,2556,0
6tt2,a,164,13203,0
6tun,a,173,14706,0
6tv1,a,228,25651,0
6tve,p,524,136503,0
6twt,a,224,24753,0
6tzk,a,451,101025,0
6tzn,a,114,6328,0
6tzx,a,223,24531,0
6u07,a,88,3741,0
6u08,b,117,6670,0
6u2d,a,66,2080,0
6u54,b,95,4371,0
6u66,a,136,9045,0
6u7g,c,119,6903,0
6ubl,a,210,21736,0
6ubz,a,790,310866,0
6ud7,a,426,90100,0
6ud7,d,73,2556,0
6uf3,a,254,31878,0
6ufe,a,90,3916,0
6ukf,x,258,32896,0
6ulo,a,317,49770,0
6umu,a,112,6105,0
6uof,a,114,6328,0
6uq8,a,532,140715,0
6urq,c,8,21,0
6ut9,a,159,12403,0
6utc,a,91,4005,0
6uuy,a,246,29890,0
6ux9,a,316,49455,0
6uxc,a,162,12880,0
6uxd,a,202,20100,0
6uyd,e,143,10011,0
6v1c,a,49,1128,0
6v4v,a,139,9453,0
6v7u,a,63,1891,0
6v98,a,182,16290,0
6v9k,a,310,47586,0
6vag,a,74,2628,0
6vci,a,215,22791,0
6vek,a,321,51040,0
6vg5,a,81,3160,0
6vgc,a,143,10011,0
6vh6,a,141,9730,0
6vhf,a,140,9591,0
6vjj,b,77,2850,0
6vjr,a,502,125250,0
6vk6,b,387,74305,0
6vk6,c,168,13861,0
6vme,e,102,5050,0
6vpq,a,85,3486,0
6vrz,a,387,74305,0
6vw9,a,231,26335,0
6vw9,b,68,2211,0
6vz0,a,74,2628,0
6w0v,a,125,7626,0
6w0v,b,82,3240,0
6w1g,a,434,93528,0
6w2o,a,355,62481,0
6w4q,a,757,285390,0
6w54,a,221,24090,0
6w6z,a,151,11175,0
6w9o,a,162,12880,0
6wcd,a,314,48828,0
6wdp,a,212,22155,0
6wes,a,158,12246,0
6wfn,a,151,11175,0
6wi5,a,90,3916,0
6wig,a,84,3403,0
6wjo,a,79,3003,0
6wl5,a,158,12246,0
6wmd,a,196,18915,0
6wpg,a,111,5995,0
6wt2,a,213,22366,0
6wud,b,45,946,0
6x05,a,380,71631,0
6x1g,a,216,23005,0
6x1j,a,226,25200,0
6x1l,a,255,32131,0
6x6f,a,84,3403,0
6x6z,a,438,95266,0
6x7h,a,100,4851,0
6x7j,a,182,16290,0
6x7n,a,302,45150,0
6x84,a,415,85491,0
6xb6,a,239,28203,0
6xbo,a,319,50403,0
6xf9,a,425,89676,0
6xfj,a,76,2775,0
6xip,a,70,2346,0
6xip,b,115,6441,0
6xjl,a,531,140185,0
6xkb,a,135,8911,0
6xkg,a,257,32640,0
6xod,b,166,13530,0
6xrr,c,50,1176,0
6xtd,a,132,8515,0
6xtd,b,162,12880,0
6xwv,e,24,253,0
6xy4,a,127,7875,0
6xyb,a,102,5050,0
6xz5,a,188,17391,0
6xzu,b,148,10731,0
6y1y,a,125,7626,0
6y4e,a,133,8646,0
6y56,a,292,42195,0
6y6i,a,357,63190,0
6y7f,a,254,31878,0
6ya2,a,188,17391,0
6ya6,b,101,4950,0
6yb5,a,243,29161,0
6yb5,c,26,300,0
6ydr,a,129,8128,0
6yfi,a,151,11175,0
6yga,b,707,248865,0
6ygu,a,211,21945,0
6yhm,a,293,42486,0
6yip,a,71,2415,0
6yiz,a,211,21945,0
6ykf,a,309,47278,0
6yn1,e,22,210,0
6yn1,e,102,5050,0
6yoo,a,117,6670,0
6yp6,a,218,23436,0
6yr7,c,7,15,0
6yud,a,98,4656,0
6yvg,a,274,37128,0
6ywn,a,339,56953,0
6yzg,a,279,38503,0
6z2t,a,57,1540,0
6z3j,c,75,2701,0
6z4w,a,230,26106,0
6z5y,a,177,15400,0
6z6e,a,104,5253,0
6z7a,a,359,63903,0
6z96,a,155,11781,0
6zc2,a,137,9180,0
6zdt,b,164,13203,0
6zeg,a,311,47895,0
6zeg,c,66,2080,0
6zgn,a,101,4950,0
6zh1,a,159,12403,0
6zm8,a,208,21321,0
6zp9,a,185,16836,0
6zpa,a,173,14706,0
6zpj,a,110,5886,0
6zpk,a,158,12246,0
6zpp,a,154,11628,0
6zrn,c,51,1225,0
6zrw,a,126,7750,0
6zsu,a,298,43956,0
6zsy,a,48,1081,0
6ztu,a,230,26106,0
6zus,a,140,9591,0
6zvo,a,144,10153,0
6zyv,a,238,27966,0
6zzb,a,189,17578,0
6zzj,a,240,28441,0
7a0m,a,353,61776,0
7a0q,a,324,52003,0
7a0w,a,368,67161,0
7a56,a,419,87153,0
7a59,a,499,123753,0
7a5m,a,111,5995,0
7a9x,a,510,129286,0
7aah,a,147,10585,0
7aal,a,285,40186,0
7acw,a,69,2278,0
7acw,b,39,703,0
7adr,b,465,107416,0
7adr,c,113,6216,0
7ae6,a,147,10585,0
7aed,a,128,8001,0
7aex,a,267,35245,0
7ahk,a,411,83845,0
7alj,a,115,6441,0
7alz,a,189,17578,0
7am1,a,810,326836,0
7anq,a,222,24310,0
7aot,a,127,7875,0
7aov,a,369,67528,0
7aqz,a,356,62835,0
7asv,a,149,10878,0
7avk,a,83,3321,0
7b0e,a,270,36046,0
7b0p,a,214,22578,0
7b0x,c,211,21945,0
7b5w,a,97,4560,0
7b9c,a,867,374545,0
7bbx,a,351,61075,0
7bjs,a,69,2278,0
7bjs,c,66,2080,0
7bk8,a,192,18145,0
7blk,a,142,9870,0
7bnb,a,344,58653,0
7bnh,a,96,4465,0
7bqi,a,174,14878,0
7br4,a,467,108345,0
7bug,a,383,72771,0
7bv7,a,336,55945,0
7bv7,c,74,2628,0
7bwu,a,443,97461,0
7bx0,a,306,46360,0
7bxx,a,301,44850,0
7by1,a,287,40755,0
7byf,c,399,79003,0
7bzk,a,112,6105,0
7c1u,a,430,91806,0
7c4h,a,228,25651,0
7c5w,a,164,13203,0
7c6c,a,241,28680,0
7c7i,c,88,3741,0
7c83,a,251,31125,0
7c8n,a,127,7875,0
7cdy,a,346,59340,0
7cfb,a,208,21321,0
7cff,a,156,11935,0
7chr,a,76,2775,0
7ci1,a,295,43071,0
7ciz,c,58,1596,0
7ciz,d,35,561,0
7ck2,a,352,61425,0
7cka,a,211,21945,0
7ckv,a,142,9870,0
7cly,a,179,15753,0
7cma,a,155,11781,0
7cn7,c,75,2701,0
7cnb,a,107,5565,0
7cnp,a,559,155403,0
7cnw,b,33,496,0
7coh,a,512,130305,0
7coh,c,258,32896,0
7coh,d,143,10011,0
7coh,h,75,2701,0
7coh,i,70,2346,0
7coh,j,56,1485,0
7coh,k,49,1128,0
7cqh,a,24,253,0
7cqv,b,38,666,0
7cqz,a,331,54285,0
7cra,a,210,21736,0
7crv,a,140,9591,0
7crv,b,142,9870,0
7cu9,a,191,17955,0
7cud,a,116,6555,0
7cuj,a,258,32896,0
7cup,a,348,60031,0
7cus,a,216,23005,0
7cx5,a,88,3741,0
7d0e,a,96,4465,0
7d2g,a,50,1176,0
7d55,a,87,3655,0
7d8d,a,232,26565,0
7d8o,a,162,12880,0
7dbu,a,161,12720,0
7dc4,a,133,8646,0
7de2,a,277,37950,0
7de7,a,97,4560,0
7dex,a,460,105111,0
7dg2,c,207,21115,0
7dg2,d,54,1378,0
7dhp,a,110,5886,0
7dia,a,1072,572985,0
7die,a,164,13203,0
7dkz,d,140,9591,0
7dkz,g,95,4371,0
7dkz,h,88,3741,0
7dkz,i,30,406,0
7dkz,j,39,703,0
7dkz,l,151,11175,0
7dm0,a,167,13695,0
7dma,a,93,4186,0
7dmf,a,189,17578,0
7dms,a,89,3828,0
7dqt,a,154,11628,0
7drg,a,339,56953,0
7drj,a,190,17766,0
7ds2,c,23,231,0
7ds6,a,275,37401,0
7ds6,b,238,27966,0
7du7,a,86,3570,0
7dv7,a,314,48828,0
7dxo,a,264,34453,0
7e2k,a,128,8001,0
7e2s,a,233,26796,0
7e5v,a,372,68635,0
7e8j,a,197,19110,0
7e8r,a,346,59340,0
7edp,b,40,741,0
7edz,a,305,46056,0
7ee5,a,118,6786,0
7egs,b,55,1431,0
7eiu,a,148,10731,0
7ek6,a,50,1176,0
7ekn,a,43,861,0
7ekz,a,165,13366,0
7enm,a,98,4656,0
7epj,a,97,4560,0
7eqb,a,68,2211,0
7eqx,a,78,2926,0
7esk,a,419,87153,0
7esq,a,264,34453,0
7esw,a,129,8128,0
7esx,a,423,88831,0
7et5,a,99,4753,0
7eu9,a,1052,551775,0
7exx,a,436,94395,0
7f0y,a,141,9730,0
7f2y,a,338,56616,0
7f6j,c,106,5460,0
7f72,a,370,67896,0
7f8f,a,80,3081,0
7f90,e,10,36,0
7f9x,a,239,28203,0
7fa1,a,276,37675,0
7fav,a,269,35778,0
7fb7,a,155,11781,0
7fcb,c,273,36856,0
7fcr,a,137,9180,0
7fdm,c,20,171,0
7fds,a,111,5995,0
7fh8,a,653,212226,0
7fiw,a,740,272691,0
7g2w,a,789,310078,0
7g83,b,245,29646,0
7hi9,a,171,14365,0
7hll,b,185,16836,0
7jja,a,180,15931,0
7jjk,a,71,2415,0
7jqe,a,351,61075,0
7jtj,a,423,88831,0
7jx6,a,104,5253,0
7jxr,a,104,5253,0
7k5l,a,122,7260,0
7k7w,a,177,15400,0
7k9c,a,97,4560,0
7kg8,a,499,123753,0
7kih,a,88,3741,0
7kob,a,360,64261,0
7kom,a,129,8128,0
7kpj,e,218,23436,0
7kpo,a,104,5253,0
7kr0,a,169,14028,0
7kri,a,113,6216,0
7ktn,a,322,51360,0
7kwy,a,65,2016,0
7kzw,a,125,7626,0
7l6g,a,292,42195,0
7ld9,b,189,17578,0
7lfa,a,94,4278,0
7lga,a,83,3321,0
7lgr,a,151,11175,0
7lkl,b,393,76636,0
7lkn,a,144,10153,0
7lkn,c,108,5671,0
7lq2,a,68,2211,0
7lr4,c,99,4753,0
7lsa,a,760,287661,0
7lsv,a,157,12090,0
7lu4,a,956,455535,0
7lwe,a,127,7875,0
7m10,a,68,2211,0
7m3h,a,409,83028,0
7m5f,a,96,4465,0
7m5f,c,116,6555,0
7m8h,a,294,42778,0
7m92,a,358,63546,0
7m95,a,164,13203,0
7mbk,a,77,2850,0
7mie,a,242,28920,0
7miw,a,462,106030,0
7mjw,a,441,96580,0
7mkk,a,71,2415,0
7mo1,b,34,528,0
7mpd,a,160,12561,0
7mpr,a,205,20706,0
7mq3,a,83,3321,0
7mq5,a,274,37128,0
7mqq,a,113,6216,0
7mqz,a,209,21528,0
7msl,a,88,3741,0
7mt1,a,313,48516,0
7mto,a,188,17391,0
7mwm,a,74,2628,0
7n34,a,107,5565,0
7nbi,a,131,8385,0
7nbv,a,126,7750,0
7ndv,a,202,20100,0
7ndy,g,41,780,0
7nmi,a,32,465,0
7nmq,a,365,66066,0
7nna,a,191,17955,0
7nqe,a,218,23436,0
7nru,a,239,28203,0
7nuv,a,76,2775,0
7nwa,a,365,66066,0
7nx0,a,58,1596,0
7nx1,a,279,38503,0
7nxg,a,385,73536,0
7nxp,a,423,88831,0
7nyq,a,271,36315,0
7o23,a,329,53628,0
7o4f,a,136,9045,0
7o5y,a,124,7503,0
7o61,a,116,6555,0
7o6l,a,91,4005,0
7o74,a,156,11935,0
7o82,a,437,94830,0
7o9q,a,307,46665,0
7oa7,a,344,58653,0
7oc5,a,386,73920,0
7ocb,b,195,18721,0
7ofv,a,184,16653,0
7os0,a,1130,636756,0
7oub,b,171,14365,0
7ouu,a,202,20100,0
7ox4,c,119,6903,0
7oxd,a,155,11781,0
7p0q,h,241,28680,0
7p0q,m,302,45150,0
7p0u,a,134,8778,0
7p1w,a,77,2850,0
7p4l,a,477,113050,0
7p5b,a,353,61776,0
7p6s,a,142,9870,0
7p7d,a,813,329266,0
7p8x,a,282,39340,0
7p9k,a,580,167331,0
7pb4,k,91,4005,0
7plp,a,42,820,0
7pok,a,98,4656,0
7pqk,a,195,18721,0
7prr,a,304,45753,0
7psy,a,114,6328,0
7pv0,a,73,2556,0
7pvh,a,192,18145,0
7pyt,a,134,8778,0
7pz2,a,97,4560,0
7q0o,a,240,28441,0
7q3z,a,306,46360,0
7q47,a,166,13530,0
7q6c,a,163,13041,0
7q9v,a,133,8646,0
7qbf,c,78,2926,0
7qbm,p,67,2145,0
7qce,a,187,17205,0
7qcp,a,287,40755,0
7qfg,a,136,9045,0
7qfk,a,174,14878,0
7qfl,a,103,5151,0
7qgs,b,55,1431,0
7qld,a,157,12090,0
7qoe,a,187,17205,0
7qow,a,502,125250,0
7qp5,a,241,28680,0
7qqi,a,481,114960,0
7qqy,a,216,23005,0
7qrj,a,181,16110,0
7qrz,a,171,14365,0
7qs1,a,184,16653,0
7qs2,a,172,14535,0
7qtb,a,267,35245,0
7qyr,k,5,6,0
7r1l,a,46,990,0
7r4u,a,155,11781,0
7r65,a,225,24976,0
7r6u,a,72,2485,0
7r7b,a,74,2628,0
7r84,a,52,1275,0
7rdn,a,215,22791,0
7rfq,a,223,24531,0
7rge,a,202,20100,0
7rgt,a,107,5565,0
7rh8,a,212,22155,0
7rlm,a,142,9870,0
7rm7,a,207,21115,0
7roa,a,115,6441,0
7rpy,a,237,27730,0
7rr4,a,273,36856,0
7rsw,a,125,7626,0
7rt7,a,143,10011,0
7rt7,c,144,10153,0
7rup,a,62,1830,0
7rur,a,64,1953,0
7rw4,a,321,51040,0
7rwg,a,384,73153,0
7rws,a,255,32131,0
7rxu,a,134,8778,0
7s5b,a,55,1431,0
7s6t,d,131,8385,0
7s7r,a,270,36046,0
7s7w,a,279,38503,0
7s86,a,83,3321,0
7sfn,a,148,10731,0
7sfy,c,33,496,0
7sgp,a,102,5050,0
7shw,a,254,31878,0
7ske,a,259,33153,0
7skl,b,37,630,0
7skt,a,276,37675,0
7sne,a,180,15931,0
7soq,a,90,3916,0
7sq4,a,48,1081,0
7ssq,a,231,26335,0
7sua,a,188,17391,0
7svg,a,315,49141,0
7t0y,b,46,990,0
7t5t,a,278,38226,0
7t6a,a,185,16836,0
7t8l,a,276,37675,0
7t9w,a,88,3741,0
7tae,a,206,20910,0
7tcx,c,195,18721,0
7te3,a,165,13366,0
7tfm,a,142,9870,0
7th4,a,291,41905,0
7thh,a,131,8385,0
7tj1,a,127,7875,0
7tl6,a,121,7140,0
7tqo,a,225,24976,0
7tvc,a,126,7750,0
7tvl,a,224,24753,0
7txy,a,275,37401,0
7tzv,a,193,18336,0
7u9j,a,209,21528,0
7uba,a,187,17205,0
7ubj,a,146,10440,0
7ubx,a,378,70876,0
7ubz,b,191,17955,0
7udi,a,204,20503,0
7udl,a,278,38226,0
7ue7,a,351,61075,0
7ug2,a,49,1128,0
7ugk,a,339,56953,0
7uh4,a,110,5886,0
7uhe,a,71,2415,0
7uj2,a,158,12246,0
7uk8,a,379,71253,0
7uld,a,247,30135,0
7uln,a,236,27495,0
7urp,a,159,12403,0
7uwv,a,531,140185,0
7ux0,a,115,6441,0
7uzo,a,101,4950,0
7v53,a,930,431056,0
7v8p,a,195,18721,0
7vbo,a,178,15576,0
7vdp,c,148,10731,0
7vep,a,274,37128,0
7vg5,a,204,20503,0
7vg8,a,108,5671,0
7vij,a,529,139128,0
7vjt,a,278,38226,0
7vkb,b,99,4753,0
7vlm,a,172,14535,0
7vlz,a,532,140715,0
7vmf,a,96,4465,0
7vmt,a,140,9591,0
7vrc,a,107,5565,0
7vrc,b,49,1128,0
7vs2,a,190,17766,0
7vsp,a,87,3655,0
7vvb,b,77,2850,0
7vws,a,315,49141,0
7vx0,a,674,226128,0
7w0q,a,173,14706,0
7w28,a,478,113526,0
7w3n,a,79,3003,0
7w50,a,361,64620,0
7w7o,a,327,52975,0
7w83,a,200,19701,0
7w86,a,117,6670,0
7w8e,a,54,1378,0
7wcf,a,310,47586,0
7wf8,a,123,7381,0
7wg4,a,490,119316,0
7wjt,a,55,1431,0
7wko,b,224,24753,0
7wlp,b,7,15,0
7wme,a,151,11175,0
7wrk,a,160,12561,0
7wrm,a,143,10011,0
7wrs,b,280,38781,0
7wuw,a,197,19110,0
7wxm,a,311,47895,0
7wz5,a,161,12720,0
7x09,a,468,108811,0
7x44,a,36,595,0
7x45,a,122,7260,0
7x7j,a,583,169071,0
7x8v,a,185,16836,0
7x9r,a,448,99681,0
7xcd,a,172,14535,0
7xds,a,362,64980,0
7xgs,a,70,2346,0
7xlj,a,149,10878,0
7xrz,x,104,5253,0
7xt1,a,136,9045,0
7xv9,a,78,2926,0
7xz3,a,273,36856,0
7xz9,a,443,97461,0
7xzn,a,555,153181,0
7y39,a,130,8256,0
7y3i,a,54,1378,0
7y3l,a,57,1540,0
7y43,a,79,3003,0
7y5y,a,152,11325,0
7y6c,a,71,2415,0
7y6c,b,77,2850,0
7y6c,f,18,136,0
7y7q,a,938,438516,0
7y86,a,81,3160,0
7y8u,e,368,67161,0
7ycj,b,35,561,0
7yd4,a,179,15753,0
7ydo,a,73,2556,0
7ydt,a,90,3916,0
7yfv,a,45,946,0
7yhr,a,59,1653,0
7yji,a,225,24976,0
7yk3,b,187,17205,0
7ytu,a,63,1891,0
7ytu,b,65,2016,0
7yug,a,117,6670,0
7yx8,a,436,94395,0
7yz7,a,120,7021,0
7z09,a,227,25425,0
7z27,a,172,14535,0
7z5z,a,337,56280,0
7z76,b,89,3828,0
7z76,c,143,10011,0
7z8o,a,195,18721,0
7z8z,a,61,1770,0
7zgh,a,413,84666,0
7zgm,a,702,245350,0
7zhl,a,113,6216,0
7zhu,a,534,141778,0
7zjc,a,95,4371,0
7zoi,a,124,7503,0
7zr2,b,40,741,0
7zs8,a,329,53628,0
7ztf,a,57,1540,0
7zva,a,335,55611,0
8a1b,a,295,43071,0
8a27,a,269,35778,0
8a2g,a,138,9316,0
8a38,a,75,2701,0
8a4o,d,194,18528,0
8a55,a,118,6786,0
8a7c,a,345,58996,0
8a8f,b,59,1653,0
8a8q,c,41,780,0
8a9w,a,75,2701,0
8ac8,a,217,23220,0
8acx,a,112,6105,0
8adc,a,197,19110,0
8aep,a,396,77815,0
8ah3,a,375,69751,0
8ahn,a,314,48828,0
8aif,a,118,6786,0
8ajq,a,130,8256,0
8ak1,b,100,4851,0
8ako,b,246,29890,0
8aqk,a,40,741,0
8aqr,a,58,1596,0
8arl,a,232,26565,0
8au6,a,245,29646,0
8avu,a,51,1225,0
8ax4,a,260,33411,0
8ayv,a,150,11026,0
8b02,a,95,4371,0
8b28,a,331,54285,0
8b2e,a,141,9730,0
8b2f,a,74,2628,0
8b3s,a,238,27966,0
8b46,d,26,300,0
8b5u,a,221,24090,0
8b5w,a,346,59340,0
8b6e,a,52,1275,0
8b8b,a,98,4656,0
8b97,a,151,11175,0
8bat,a,217,23220,0
8bau,a,187,17205,0
8bbp,a,344,58653,0
8bbt,a,230,26106,0
8bbu,a,121,7140,0
8bct,a,49,1128,0
8bd1,a,127,7875,0
8bd1,b,130,8256,0
8bft,a,320,50721,0
8bjj,b,355,62481,0
8bjw,a,92,4095,0
8boj,a,91,4005,0
8bpz,a,321,51040,0
8brs,a,195,18721,0
8brs,b,524,136503,0
8bsb,a,159,12403,0
8bt1,a,122,7260,0
8bux,a,283,39621,0
8buy,a,134,8778,0
8bv8,a,222,24310,0
8bvp,a,532,140715,0
8bwl,c,50,1176,0
8c10,a,297,43660,0
8c3x,a,229,25878,0
8c5d,a,209,21528,0
8c5n,a,186,17020,0
8c86,a,116,6555,0
8cba,a,194,18528,0
8ci6,a,478,113526,0
8cih,a,188,17391,0
8cjw,a,421,87990,0
8ck2,a,95,4371,0
8cm0,b,159,12403,0
8cm0,a,114,6328,0
8cm1,a,179,15753,0
8cmp,a,58,1596,0
8cpq,a,150,11026,0
8cr4,a,298,43956,0
8cwt,a,75,2701,0
8cxk,a,242,28920,0
8cyk,a,131,8385,0
8d03,a,65,2016,0
8d0p,a,297,43660,0
8d19,a,399,79003,0
8d2j,a,479,114003,0
8d2y,a,460,105111,0
8d3t,a,393,76636,0
8dc0,a,167,13695,0
8dch,a,99,4753,0
8dez,a,173,14706,0
8dkp,a,386,73920,0
8dky,a,144,10153,0
8dml,a,89,3828,0
8dmr,a,373,69006,0
8drg,a,118,6786,0
8dwl,b,30,406,0
8dyd,a,609,184528,0
8dye,b,43,861,0
8e1j,a,325,52326,0
8e5d,a,136,9045,0
8e71,a,185,16836,0
8e77,a,358,63546,0
8e8t,a,398,78606,0
8e9d,a,396,77815,0
8eb9,a,89,3828,0
8ec3,a,155,11781,0
8ehb,a,101,4950,0
8ehe,b,124,7503,0
8ejm,b,47,1035,0
8em1,a,491,119805,0
8em5,a,92,4095,0
8eo2,a,274,37128,0
8ere,a,127,7875,0
8erm,a,199,19503,0
8f5m,a,592,174345,0
8f5q,a,236,27495,0
8f5v,a,167,13695,0
8f8n,a,143,10011,0
8f9o,a,487,117855,0
8fbe,a,143,10011,0
8fbz,a,459,104653,0
8fcf,c,83,3321,0
8fih,a,104,5253,0
8g0k,a,135,8911,0
8g0k,b,193,18336,0
8g1l,a,252,31375,0
8g28,a,107,5565,0
8g4y,a,155,11781,0
8g6b,a,339,56953,0
8g8k,a,162,12880,0
8g8v,a,252,31375,0
8g9k,a,199,19503,0
8ga6,a,476,112575,0
8gal,a,128,8001,0
8gbe,a,205,20706,0
8gko,a,95,4371,0
8gkv,a,42,820,0
8gm7,a,168,13861,0
8gok,a,273,36856,0
8gqc,a,246,29890,0
8gqq,a,95,4371,0
8gti,a,263,34191,0
8gyn,a,160,12561,0
8gyr,b,183,16471,0
8h0t,a,184,16653,0
8h1f,a,101,4950,0
8h4p,a,326,52650,0
8h5s,a,242,28920,0
8h8p,a,351,61075,0
8hda,a,93,4186,0
8hdj,b,151,11175,0
8he0,b,13,66,0
8hek,a,87,3655,0
8hel,a,68,2211,0
8hfp,a,68,2211,0
8hhj,a,99,4753,0
8hhj,b,101,4950,0
8hjj,a,71,2415,0
8hka,a,299,44253,0
8hn0,a,110,5886,0
8hs0,a,570,161596,0
8htd,a,218,23436,0
8hw5,a,260,33411,0
8hy9,a,159,12403,0
8i16,a,634,200028,0
8i17,c,15,91,0
8i1m,a,193,18336,0
8i2f,a,153,11476,0
8i33,a,40,741,0
8i3f,a,183,16471,0
8i5v,a,276,37675,0
8i6g,a,277,37950,0
8i71,a,149,10878,0
8ia1,a,361,64620,0
8ibh,a,75,2701,0
8iev,a,334,55278,0
8igl,a,793,313236,0
8igt,a,208,21321,0
8ii8,a,225,24976,0
8ij9,c,71,2415,0
8ilc,a,271,36315,0
8in3,a,207,21115,0
8ip2,a,478,113526,0
8iqa,a,225,24976,0
8iqc,a,220,23871,0
8is2,a,104,5253,0
8itg,b,7,15,0
8iu7,a,312,48205,0
8iub,a,546,148240,0
8iw0,a,84,3403,0
8iw5,a,48,1081,0
8ixt,a,401,79800,0
8ixw,a,168,13861,0
8j0l,a,185,16836,0
8j1m,a,289,41328,0
8j2n,a,239,28203,0
8j48,a,38,666,0
8j49,a,66,2080,0
8j5h,a,231,26335,0
8j67,a,177,15400,0
8ja1,a,383,72771,0
8jbb,a,461,105570,0
8jd7,a,510,129286,0
8jdh,a,147,10585,0
8jea,a,141,9730,0
8jed,b,295,43071,0
8jiy,a,216,23005,0
8jkk,a,376,70125,0
8jor,a,539,144453,0
8jsu,a,39,703,0
8jtk,a,103,5151,0
8ju3,a,290,41616,0
8ju7,a,102,5050,0
8jub,a,401,79800,0
8jv2,a,360,64261,0
8jvc,a,172,14535,0
8jvs,a,50,1176,0
8jwd,a,123,7381,0
8jya,a,191,17955,0
8jyr,a,182,16290,0
8jyv,a,234,27028,0
8jz2,a,629,196878,0
8jz8,a,207,21115,0
8jzt,b,131,8385,0
8k07,a,301,44850,0
8k0j,a,299,44253,0
8k2h,a,560,155961,0
8k4i,a,163,13041,0
8k4m,a,124,7503,0
8k75,a,124,7503,0
8k7y,a,672,224785,0
8k7z,a,172,14535,0
8ka0,a,405,81406,0
8kbh,a,124,7503,0
8kc1,a,82,3240,0
8ken,a,224,24753,0
8of7,a,139,9453,0
8ogm,a,152,11325,0
8oik,a,155,11781,0
8ok3,a,121,7140,0
8ok7,a,361,64620,0
8okh,a,166,13530,0
8oks,a,109,5778,0
8okw,a,151,11175,0
8olj,b,233,26796,0
8onb,a,116,6555,0
8oqj,a,54,1378,0
8orv,a,193,18336,0
8ov0,a,110,5886,0
8ov1,a,301,44850,0
8ov5,m,312,48205,0
8ovv,a,175,15051,0
8ows,a,122,7260,0
8ows,c,117,6670,0
8oxk,a,94,4278,0
8oxl,a,90,3916,0
8oxr,a,127,7875,0
8oxw,a,679,229503,0
8oyw,a,178,15576,0
8p0o,a,621,191890,0
8p0s,a,129,8128,0
8p1g,b,323,51681,0
8p5q,a,129,8128,0
8p6q,a,45,946,0
8paq,a,159,12403,0
8pay,a,366,66430,0
8pb5,a,309,47278,0
8pd6,a,181,16110,0
8phb,a,379,71253,0
8pi4,a,53,1326,0
8pj7,a,138,9316,0
8pk5,a,533,141246,0
8pmf,a,66,2080,0
8pp8,a,270,36046,0
8pq7,b,76,2775,0
8pu1,b,189,17578,0
8pw2,a,60,1711,0
8py0,a,155,11781,0
8pyr,c,65,2016,0
8pzm,a,499,123753,0
8q29,a,242,28920,0
8q4e,a,129,8128,0
8q66,b,242,28920,0
8q6r,d,211,21945,0
8q8i,a,277,37950,0
8q9u,a,542,146070,0
8q9x,a,471,110215,0
8qao,a,83,3321,0
8qce,a,331,54285,0
8qf4,a,67,2145,0
8qfr,a,145,10296,0
8qfz,a,115,6441,0
8qgw,b,418,86736,0
8qjd,a,1037,536130,0
8qjk,a,82,3240,0
8qk4,a,291,41905,0
8qkd,a,280,38781,0
8qlv,a,621,191890,0
8qpj,a,292,42195,0
8qry,a,95,4371,0
8qup,a,114,6328,0
8qzv,a,137,9180,0
8r0j,c,287,40755,0
8r79,a,60,1711,0
8r7a,b,112,6105,0
8rcw,a,205,20706,0
8rdd,b,163,13041,0
8rin,a,251,31125,0
8rm6,a,73,2556,0
8roe,b,67,2145,0
8rok,a,381,72010,0
8rok,b,74,2628,0
8rpx,a,158,12246,0
8rqt,a,621,191890,0
8rt0,a,224,24753,0
8rte,a,349,60378,0
8rw9,e,167,13695,0
8rxa,a,102,5050,0
8rz0,a,106,5460,0
8s02,a,438,95266,0
8s02,b,375,69751,0
8s0u,a,257,32640,0
8s1j,a,300,44551,0
8s1x,b,61,1770,0
8s2m,a,132,8515,0
8s5r,a,228,25651,0
8s6g,a,475,112101,0
8s6l,a,433,93096,0
8s6r,a,221,24090,0
8s83,c,99,4753,0
8sbn,a,201,19900,0
8sde,a,89,3828,0
8siu,b,18,136,0
8sjj,c,69,2278,0
8slb,a,248,30381,0
8sm0,g,400,79401,0
8smf,a,80,3081,0
8srz,a,88,3741,0
8st7,a,212,22155,0
8sv7,a,272,36585,0
8sw6,c,26,300,0
8sx0,a,96,4465,0
8t0p,b,107,5565,0
8t0p,a,152,11325,0
8t48,c,54,1378,0
8t5j,a,154,11628,0
8t8k,a,183,16471,0
8t9s,a,87,3655,0
8tcs,a,270,36046,0
8tda,a,256,32385,0
8tfu,a,70,2346,0
8tg4,a,181,16110,0
8tgy,a,104,5253,0
8tk9,a,204,20503,0
8tn8,a,252,31375,0
8tnf,a,334,55278,0
8tnm,a,136,9045,0
8tqd,a,200,19701,0
8tqv,a,269,35778,0
8trs,d,131,8385,0
8twq,a,268,35511,0
8txf,a,295,43071,0
8tyu,a,177,15400,0
8u0a,a,410,83436,0
8u0i,a,85,3486,0
8u0x,a,175,15051,0
8u2f,a,136,9045,0
8u7c,a,59,1653,0
8u8l,a,121,7140,0
8uds,d,147,10585,0
8uf2,a,444,97903,0
8uf4,b,68,2211,0
8ufo,a,271,36315,0
8ujl,a,218,23436,0
8ujw,a,182,16290,0
8uk7,a,116,6555,0
8up4,a,466,107880,0
8utk,a,55,1431,0
8uus,a,161,12720,0
8uwv,a,495,121771,0
8v1j,a,115,6441,0
8v33,a,159,12403,0
8v4w,a,207,21115,0
8v5q,g,116,6555,0
8vgd,a,74,2628,0
8vij,a,116,6555,0
8vj1,a,72,2485,0
8vmg,c,35,561,0
8vmk,a,303,45451,0
8vms,a,162,12880,0
8vo2,a,148,10731,0
8vth,a,322,51360,0
8vva,a,76,2775,0
8vvl,a,233,26796,0
8vxb,a,284,39903,0
8vxk,a,360,64261,0
8w59,a,61,1770,0
8w68,a,79,3003,0
8w6b,c,57,1540,0
8w6e,a,158,12246,0
8w7p,a,250,30876,0
8w8u,a,358,63546,0
8w9s,b,253,31626,0
8wac,a,118,6786,0
8wc1,a,151,11175,0
8wct,a,214,22578,0
8whi,e,98,4656,0
8whk,b,50,1176,0
8whm,b,74,2628,0
8whn,a,142,9870,0
8wj5,a,130,8256,0
8wkd,a,192,18145,0
8wpa,a,83,3321,0
8wrx,a,86,3570,0
8x3h,a,332,54615,0
8xaq,a,91,4005,0
8xet,a,279,38503,0
8xif,a,223,24531,0
8xil,a,984,482653,0
8xkd,a,212,22155,0
8xuk,a,420,87571,0
8xv8,b,25,276,0
8xwc,a,316,49455,0
8y0b,a,1264,796953,0
8y58,a,182,16290,0
8y7v,a,206,20910,0
8y9k,a,258,32896,0
8ycm,a,222,24310,0
8ydd,d,54,1378,0
8yjc,a,210,21736,0
8yla,a,328,53301,0
8yo6,a,82,3240,0
8yqg,a,154,11628,0
8yqk,a,108,5671,0
8yt7,a,189,17578,0
8yuf,a,133,8646,0
8yz3,a,426,90100,0
8z2m,a,287,40755,0
8z4q,a,462,106030,0
8zhs,c,112,6105,0
8zia,a,348,60031,0
8zvh,a,232,26565,0
8zxq,a,95,4371,0
8zys,a,95,4371,0
9ard,a,132,8515,0
9avm,a,52,1275,0
9ayn,a,80,3081,0
9b3e,a,213,22366,0
9b3g,a,113,6216,0
9b72,a,193,18336,0
9b7d,b,182,16290,0
9b8e,a,221,24090,0
9biy,a,259,33153,0
9biy,b,84,3403,0
9bjl,a,468,108811,0
9bks,a,73,2556,0
9bl8,a,83,3321,0
9bli,c,25,276,0
9bnb,a,54,1378,0
9bt4,a,402,80200,0
9bt4,c,291,41905,0
9bt7,a,161,12720,0
9c38,a,314,48828,0
9c5w,a,166,13530,0
9c63,a,155,11781,0
9c6e,a,352,61425,0
9c72,a,98,4656,0
9c90,a,60,1711,0
9c9c,a,190,17766,0
9c9q,a,452,101475,0
9ca3,a,255,32131,0
9cd2,a,213,22366,0
9cfj,a,275,37401,0
9cft,b,16,105,0
9ci7,b,53,1326,0
9cp8,a,436,94395,0
9cqa,a,28,351,0
9crw,a,226,25200,0
9cse,a,291,41905,0
9cu8,a,106,5460,0
9cyn,a,214,22578,0
9d01,a,369,67528,0
9d1l,a,545,147696,0
9d2s,a,182,16290,0
9d60,a,460,105111,0
9d86,a,178,15576,0
9das,a,273,36856,0
9dbh,a,217,23220,0
9dbo,c,93,4186,0
9dbu,a,106,5460,0
9dcr,a,214,22578,0
9ddt,a,165,13366,0
9ddt,b,121,7140,0
9dk3,b,313,48516,0
9dks,a,345,58996,0
9dl1,a,118,6786,0
9dlo,a,158,12246,0
9doc,a,260,33411,0
9dte,a,59,1653,0
9dv9,a,449,100128,0
9e0s,a,169,14028,0
9e5a,a,251,31125,0
9e6y,a,108,5671,0
9e70,a,556,153735,0
9e9g,b,83,3321,0
9ecs,a,53,1326,0
9eff,a,101,4950,0
9egn,a,42,820,0
9eie,a,166,13530,0
9ejw,b,133,8646,0
9ekm,a,547,148785,0
9ept,a,114,6328,0
9eqo,a,61,1770,0
9etk,a,279,38503,0
9evi,a,324,52003,0
9ez5,a,674,226128,0
9eze,a,123,7381,0
9f28,b,211,21945,0
9f2h,a,108,5671,0
9f6s,a,84,3403,0
9f79,c,40,741,0
9f7b,a,295,43071,0
9f7e,a,231,26335,0
9f9u,a,170,14196,0
9fdf,a,416,85905,0
9fge,a,501,124750,0
9fgp,a,140,9591,0
9fhy,a,380,71631,0
9fic,a,79,3003,0
9fik,a,105,5356,0
9fjj,u,47,1035,0
9fko,a,174,14878,0
9fln,a,114,6328,0
9fnf,a,400,79401,0
9fow,a,123,7381,0
9fp4,a,321,51040,0
9fph,x,634,200028,0
9fpm,a,166,13530,0
9fs2,a,361,64620,0
9ftf,a,260,33411,0
9fwa,a,200,19701,0
9fzk,a,131,8385,0
9fzk,b,286,40470,0
9g0c,a,144,10153,0
9g5o,a,464,106953,0
9g7g,a,234,27028,0
9g7l,a,129,8128,0
9g88,a,525,137026,0
9g97,a,418,86736,0
9g9u,a,257,32640,0
9gbt,a,200,19701,0
9gce,a,168,13861,0
9gcz,a,427,90525,0
9gee,a,185,16836,0
9gfq,a,117,6670,0
9gk0,a,244,29403,0
9glg,a,138,9316,0
9gm3,b,37,630,0
9goj,a,330,53956,0
9grf,a,100,4851,0
9gro,a,482,115440,0
9gso,a,167,13695,0
9gtj,a,186,17020,0
9gy2,a,642,205120,0
9h1j,e,45,946,0
9h1n,a,55,1431,0
9h2d,a,270,36046,0
9h88,a,111,5995,0
9h8m,a,430,91806,0
9h9s,a,219,23653,0
9hae,a,186,17020,0
9hcz,a,204,20503,0
9hdw,a,256,32385,0
9hfj,a,80,3081,0
9hik,a,97,4560,0
9hkj,a,85,3486,0
9hmh,a,321,51040,0
9hml,a,114,6328,0
9hrs,a,76,2775,0
9hs9,a,143,10011,0
9hv7,a,113,6216,0
9hxx,a,306,46360,0
9hyt,a,199,19503,0
9i24,l,52,1275,0
9i25,c,251,31125,0
9i25,a,13,66,0
9i3f,f,24,253,0
9i5f,a,329,53628,0
9i5m,a,228,25651,0
9i8a,a,138,9316,0
9iab,a,265,34716,0
9iay,a,167,13695,0
9ib6,a,134,8778,0
9iba,a,145,10296,0
9ibq,a,286,40470,0
9ifr,a,123,7381,0
9ii1,a,476,112575,0
9ijx,a,52,1275,0
9ik0,a,151,11175,0
9inc,a,86,3570,0
9iom,a,303,45451,0
9isp,a,156,11935,0
9iw5,a,99,4753,0
9ixc,a,271,36315,0
9j2c,a,260,33411,0
9j3f,a,683,232221,0
9jdd,a,190,17766,0
9jdh,a,380,71631,0
9jdi,a,337,56280,0
9jdi,c,164,13203,0
9jf5,e,40,741,0
9jht,a,271,36315,0
9jjv,a,394,77028,0
9jko,a,98,4656,0
9jm4,a,65,2016,0
9joc,a,366,66430,0
9joq,a,827,340725,0
9jqf,a,280,38781,0
9jql,a,201,19900,0
9js5,a,99,4753,0
9jwr,a,197,19110,0
9jxx,a,407,82215,0
9jyn,a,476,112575,0
9k1m,a,262,33930,0
9k1u,a,187,17205,0
9k3e,c,116,6555,0
9k5p,a,90,3916,0
9k7m,a,302,45150,0
9k9p,a,86,3570,0
9k9p,b,46,990,0
9kga,a,54,1378,0
9kgb,a,336,55945,0
9khb,a,250,30876,0
9kl6,a,449,100128,0
9kq4,a,287,40755,0
9kta,a,311,47895,0
9ku2,a,200,19701,0
9kvu,a,94,4278,0
9kyk,a,159,12403,0
9kys,b,25,276,0
9kzn,a,116,6555,0
9l1f,a,243,29161,0
9l5u,c,95,4371,0
9l8e,a,159,12403,0
9l93,c,47,1035,0
9lb3,a,148,10731,0
9lgs,a,59,1653,0
9lh0,b,74,2628,0
9lhu,a,499,123753,0
9lie,a,145,10296,0
9ln2,a,191,17955,0
9lni,a,212,22155,0
9lnj,a,362,64980,0
9lt9,a,293,42486,0
9lx4,a,175,15051,0
9m3b,a,332,54615,0
9m3b,b,128,8001,0
9m46,a,53,1326,0
9m6g,c,8,21,0
9m6y,a,92,4095,0
9mm2,a,419,87153,0
9mno,e,37,630,0
9moj,a,148,10731,0
9mz5,c,133,8646,0
9mz5,a,333,54946,0
9mz8,d,15,91,0
9n2k,a,332,54615,0
9n42,a,105,5356,0
9n4h,a,171,14365,0
9n55,a,89,3828,0
9n9a,a,160,12561,0
9nfh,a,118,6786,0
9nik,a,186,17020,0
9no5,a,194,18528,0
9ntf,a,497,122760,0
9nx3,a,237,27730,0
9nxn,c,6,10,0
9nz7,a,87,3655,0
9o6b,a,61,1770,0
9oik,a,217,23220,0
9ouf,a,148,10731,0
9ow2,a,256,32385,0
9owg,a,228,25651,0
9p3h,a,273,36856,0
9p6d,a,271,36315,0
9p8l,a,94,4278,0
9p9o,a,289,41328,0
9pfp,b,22,210,0
9pi9,e,230,26106,0
9pv1,a,305,46056,0
9q1h,a,64,1953,0
9q1l,c,38,666,0
9q2g,a,164,13203,0
9q5u,a,311,47895,0
9q74,b,42,820,0
9q88,a,79,3003,0
9q8b,a,145,10296,0
9qbl,a,271,36315,0
9qdp,a,206,20910,0
9qdv,a,259,33153,0
9qk5,a,193,18336,0
9qm0,a,970,468996,0
9qm9,a,76,2775,0
9qpm,a,228,25651,0
9qq9,a,219,23653,0
9quz,a,308,46971,0
9qwl,a,126,7750,0
9r2v,a,153,11476,0
9r2z,a,79,3003,0
9r3t,a,319,50403,0
9r52,b,278,38226,0
9r6y,a,195,18721,0
9r7b,a,114,6328,0
9r8s,a,235,27261,0
9rds,a,131,8385,0
9rez,a,122,7260,0
9rie,a,191,17955,0
9rk6,a,84,3403,0
9rxw,a,90,3916,0
9sa1,a,78,2926,0
9sd5,a,686,234270,0
9sjp,a,193,18336,0
9sng,a,140,9591,0
9snh,a,122,7260,0
9sp7,a,277,37950,0
9sr0,a,250,30876,0
9sxc,a,436,94395,0
9sxc,b,246,29890,0
9sya,a,324,52003,0
9t0n,a,324,52003,0
9t28,a,168,13861,0
9t3e,b,64,1953,0
9t47,a,282,39340,0
9ta4,a,53,1326,0
9teu,a,131,8385,0
9tu0,d,13,66,0
9tzg,a,118,6786,0
9u18,c,56,1485,0
9u19,c,54,1378,0
9u79,a,273,36856,0
9ubb,a,241,28680,0
9ucn,a,94,4278,0
9uk1,b,7,15,0
9uo7,a,214,22578,0
9uon,a,363,65341,0
9uyv,a,178,15576,0
9v14,a,240,28441,0
9v62,a,106,5460,0
9v8i,a,108,5671,0
9v8i,b,107,5565,0
9vgj,a,116,6555,0
9vkd,a,122,7260,0
9vno,a,123,7381,0
9vtb,a,279,38503,0
9vtk,a,803,321201,0
9vyc,a,196,18915,0
9vyu,a,92,4095,0
9w96,a,326,52650,0
9wjk,a,480,114481,0
9wlp,b,97,4560,0
9wpo,a,258,32896,0
9wsf,b,46,990,0
9wwj,c,149,10878,0
9x1w,a,88,3741,0
9xc8,a,216,23005,0
9xvq,a,161,12720,0
9xzt,a,90,3916,0
9y1l,a,151,11175,0
9y6i,a,332,54615,0
9y9w,a,301,44850,0
9yaa,a,118,6786,0
9yc2,a,105,5356,0
9ygw,a,195,18721,0
9ylo,a,53,1326,0
9ypl,a,225,24976,0
9zef,a,215,22791,0
9zm0,a,234,27028,0
9zmy,a,114,6328,0
